open,high,low,close,adj_close,volume,daily_return,MA20,MA50,Close_diff
2.799999952316284,2.874000072479248,2.4110000133514404,2.568000078201294,2.568000078201294,123039000.0,,,,
2.6070001125335693,3.109999895095825,2.5999999046325684,2.8310000896453857,2.8310000896453857,28412000.0,0.10241433155574708,,,0.2630000114440918
,,,,,,,,,
2.9800000190734863,3.0339999198913574,2.907999992370605,2.9649999141693115,2.9649999141693115,8202000.0,0.047333034362676774,,,0.13399982452392578
3.066999912261963,3.0810000896453857,2.700000047683716,2.75,2.75,7976000.0,-0.07251262070594255,,,-0.21499991416931152
2.755000114440918,2.7739999294281006,2.6480000019073486,2.744999885559082,2.744999885559082,4000000.0,-0.0018182234330610392,,,-0.005000114440917969
2.7249999046325684,2.73799991607666,2.687000036239624,2.720000028610229,2.720000028610229,2554000.0,-0.009107416390205514,,,-0.024999856948852983
2.720000028610229,2.74399995803833,2.6600000858306885,2.7330000400543213,2.7330000400543213,2569000.0,0.004779415921820629,,,0.013000011444092241
2.746999979019165,2.746999979019165,2.664999961853028,2.694999933242798,2.694999933242798,3798000.0,-0.01390417352894302,,,-0.03800010681152344
2.6760001182556152,2.75,2.650000095367432,2.74399995803833,2.74399995803833,3024000.0,0.01818182783276434,,,0.04900002479553223
2.742000102996826,2.749000072479248,2.5510001182556152,2.677999973297119,2.677999973297119,3226000.0,-0.024052472941141767,,,-0.06599998474121094
2.6659998893737797,2.739000082015991,2.609999895095825,2.739000082015991,2.739000082015991,1294000.0,0.022778233505271306,,,0.06100010871887207
2.690000057220459,2.747999906539917,2.681999921798706,2.697999954223633,2.697999954223633,2809000.0,-0.014969012984541785,,,-0.0410001277923584
2.6640000343322754,2.845999956130981,2.6640000343322754,2.8340001106262207,2.8340001106262207,3375000.0,0.05040776823946347,,,0.1360001564025879
2.845000028610229,2.888000011444092,2.7950000762939453,2.809999942779541,2.809999942779541,2734000.0,-0.008468654520050967,,,-0.024000167846679688
2.8489999771118164,3.072999954223633,2.8489999771118164,3.072999954223633,3.072999954223633,4606000.0,0.0935943120283278,,,0.2630000114440918
3.131999969482422,3.369999885559082,3.125,3.36299991607666,3.36299991607666,8474000.0,0.09437031115293104,,,0.28999996185302734
3.3970000743865967,3.812000036239624,3.2920000553131104,3.549999952316284,3.549999952316284,16943000.0,0.055605126644719505,,,0.18700003623962402
3.6059999465942383,3.837899923324585,3.5840001106262207,3.811000108718872,3.811000108718872,11095000.0,0.07352117180516915,,,0.2610001564025879
3.963000059127808,4.2129998207092285,3.8010001182556152,3.86299991607666,3.86299991607666,15952000.0,0.013644661735595864,,,0.051999807357788086
3.8420000076293945,3.888999938964844,3.4326000213623047,3.555000066757202,3.555000066757202,11482000.0,-0.0797307419132095,2.9862499952316286,,-0.307999849319458
3.632999897003174,3.674000024795532,3.255000114440918,3.552000045776367,3.552000045776367,9797000.0,-0.0008438877424752356,3.0354499936103823,,-0.003000020980834961
3.6760001182556152,3.849999904632568,3.608999967575073,3.694000005722046,3.694000005722046,7922000.0,0.03997746568571392,3.078599989414215,,0.1419999599456787
3.775000095367432,3.809999942779541,3.5169999599456787,3.5429999828338623,3.5429999828338623,2939000.0,-0.04087710412947565,3.1074999928474427,,-0.1510000228881836
3.51200008392334,3.742899894714356,3.4140000343322754,3.595999956130981,3.595999956130981,5644000.0,0.014959066766556006,3.1497999906539915,,0.0529999732971187
3.634000062942505,3.650000095367432,3.4800000190734863,3.483999967575073,3.483999967575073,2082000.0,-0.03114571466135707,3.1867499947547913,,-0.1119999885559082
3.486999988555908,3.532000064849853,3.263000011444092,3.351999998092652,3.351999998092652,3465000.0,-0.03788747724194019,3.2183499932289124,,-0.131999969482421
3.252000093460083,3.3510000705718994,3.119999885559082,3.131999969482422,3.131999969482422,3155000.0,-0.0656324668065077,3.2382999897003173,,-0.22000002861022994
3.150000095367432,3.444000005722046,3.150000095367432,3.3949999809265137,3.3949999809265137,4733000.0,0.08397190740955018,3.273299992084503,,0.2630000114440918
3.4030001163482666,3.496999979019165,2.98799991607666,3.111000061035156,3.111000061035156,10126000.0,-0.08365240691808573,3.2916499972343445,,-0.28399991989135787
3.151000022888184,3.1730000972747803,3.062000036239624,3.13100004196167,3.13100004196167,3032000.0,0.006428794771498492,3.314300000667572,,0.019999980926514116
,,,,,,,,,
3.1070001125335693,3.174000024795532,3.0380001068115234,3.052999973297119,3.052999973297119,1493000.0,-0.024912190232894815,3.3299999952316286,,-0.07800006866455078
3.046999931335449,3.0829999446868896,2.8499999046325684,3.075999975204468,3.075999975204468,3489000.0,0.007533574224866335,3.3488999962806703,,0.023000001907349077
3.002000093460083,3.0360000133514404,2.9030001163482666,2.9189999103546143,2.9189999103546143,1869000.0,-0.05104033358758975,3.35314998626709,,-0.15700006484985396
2.9730000495910645,3.0380001068115234,2.880000114440918,2.9059998989105225,2.9059998989105225,2491000.0,-0.004453584050474468,3.357949984073639,,-0.013000011444091797
2.931999921798706,3.0290000438690186,2.9100000858306885,2.9600000381469727,2.9600000381469727,2805000.0,0.018582292193711103,3.352299988269806,,0.054000139236450195
2.984999895095825,3.0989999771118164,2.9760000705718994,3.0420000553131104,3.0420000553131104,2201000.0,0.027702708145055155,3.3362499952316282,,0.0820000171661377
3.078000068664551,3.132699966430664,3.049999952316284,3.0859999656677246,3.0859999656677246,1455000.0,0.014464138578092589,3.3130499958992004,,0.04399991035461426
3.08899998664856,3.1010000705718994,2.8910000324249268,2.934000015258789,2.934000015258789,3570000.0,-0.04925468311729131,3.269199991226196,,-0.15199995040893555
2.9059998989105225,2.986999988555908,2.8931000232696533,2.938999891281128,2.938999891281128,1482000.0,0.0017041158815052082,3.2229999899864197,,0.004999876022338867
2.931999921798706,3.234999895095825,2.914999961853028,3.226999998092652,3.226999998092652,16198000.0,0.0979925544284328,3.2065999865531922,,0.2880001068115239
3.236999988555908,3.3929998874664307,3.164099931716919,3.375,3.375,4140000.0,0.045863031296816015,3.197749984264374,,0.1480000019073482
3.3949999809265137,3.4660000801086426,3.2090001106262207,3.322000026702881,3.322000026702881,4148000.0,-0.015703695791739025,3.1791499853134155,,-0.05299997329711914
3.299000024795532,3.3489999771118164,3.135999917984009,3.21399998664856,3.21399998664856,2556000.0,-0.03251054761775907,3.16269998550415,,-0.10800004005432084
3.259000062942505,3.443000078201294,3.257999897003174,3.311000108718872,3.311000108718872,2655000.0,0.030180498591557248,3.148449993133545,,0.09700012207031206
3.345000028610229,3.4749999046325684,3.3239998817443848,3.3570001125335693,3.3570001125335693,3577000.0,0.013893084356465302,3.1421000003814696,,0.046000003814697266
3.3399999141693115,3.3949999809265137,3.2049999237060547,3.2869999408721924,3.2869999408721924,2005000.0,-0.020852001583207214,3.1388499975204467,,-0.07000017166137695
3.3499999046325684,3.447999954223633,3.282999992370605,3.4059998989105225,3.4059998989105225,1746000.0,0.03620321271035798,3.152549993991852,,0.11899995803833008
3.4100000858306885,3.484999895095825,3.319999933242798,3.4159998893737797,3.4159998893737797,2008000.0,0.002935992589564007,3.1535999894142153,,0.00999999046325728
3.865499973297119,4.025000095367432,3.700999975204468,3.812999963760376,3.812999963760376,11622000.0,0.1162178241344658,3.188699984550476,,0.39700007438659624
3.812999963760376,3.825000047683716,3.634999990463257,3.739000082015991,3.739000082015991,5258000.0,-0.01940726001775417,3.219099986553192,3.161939992904663,-0.07399988174438477
3.749000072479248,4.048999786376953,3.660000085830689,4.035999774932861,4.035999774932861,5351000.0,0.07943291960473409,3.268249976634979,3.1912999868392946,0.2969996929168701
4.011000156402588,4.111000061035156,3.812999963760376,3.8410000801086426,3.8410000801086426,5725000.0,-0.04831509060910755,3.306499981880188,3.2114999866485596,-0.19499969482421875
3.901999950408936,3.996999979019165,3.815999984741211,3.8450000286102295,3.8450000286102295,2911000.0,0.0010413820406569574,3.352799987792969,3.229099988937378,0.003999948501586914
3.839999914169312,3.875,3.5199999809265137,3.628000020980835,3.628000020980835,3827000.0,-0.056436932643620485,3.3888999938964846,3.2466599893569947,-0.21700000762939453
3.627000093460083,3.627000093460083,3.424999952316284,3.5160000324249268,3.5160000324249268,3215000.0,-0.03087099997469922,3.416699993610382,3.2620799922943116,-0.1119999885559082
3.5299999713897705,3.614000082015991,3.2869999408721924,3.3469998836517334,3.3469998836517334,4799000.0,-0.0480660259427349,3.4319499850273134,3.2746199893951418,-0.16900014877319336
3.365999937057495,3.559000015258789,3.2964000701904297,3.513999938964844,3.513999938964844,2693000.0,0.049895447002796356,3.4533499836921693,3.290239987373352,0.1670000553131108
3.484999895095825,3.5209999084472656,3.375,3.4730000495910645,3.4730000495910645,2369000.0,-0.011667583974363294,3.480299985408783,3.305799989700317,-0.04099988937377974
3.4790000915527344,3.6489999294281006,3.450999975204468,3.5309998989105225,3.5309998989105225,2259000.0,0.01670021551721179,3.509899985790253,3.3215399885177614,0.05799984931945801
3.5,3.575000047683716,3.4089999198913574,3.4560000896453857,3.4560000896453857,1437000.0,-0.02124038839204656,3.5213499903678893,3.3370999908447265,-0.07499980926513672
3.476999998092652,3.5,3.3299999237060547,3.440999984741211,3.440999984741211,1623000.0,-0.004340308019411543,3.52464998960495,3.351139988899231,-0.015000104904174805
3.4179999828338623,3.4179999828338623,3.247999906539917,3.259999990463257,3.259999990463257,1870000.0,-0.05260098665521107,3.5215499877929686,3.3623799896240234,-0.1809999942779541
3.236999988555908,3.246999979019165,3.059999942779541,3.109999895095825,3.109999895095825,4447000.0,-0.046012299327067185,3.516349983215332,3.3678999853134157,-0.15000009536743164
3.075999975204468,3.109999895095825,2.914999961853028,2.921999931335449,2.921999931335449,2696000.0,-0.06045015115815089,3.496899974346161,3.3701399850845335,-0.18799996376037598
2.875,2.996999979019165,2.7309999465942383,2.7769999504089355,2.7769999504089355,4042000.0,-0.04962354015533599,3.467899966239929,3.3642199850082397,-0.14499998092651367
2.5510001182556152,2.8489999771118164,2.2699999809265137,2.628000020980835,2.628000020980835,4271000.0,-0.05365499895171377,3.4349499702453614,3.3495199871063233,-0.14899992942810059
2.8289999961853027,2.9779999256134038,2.684999942779541,2.693000078201294,2.693000078201294,3043000.0,0.02473365932325966,3.3992999792099,3.3323799896240236,0.06500005722045898
2.8499999046325684,2.8570001125335693,2.630000114440918,2.822000026702881,2.822000026702881,3901000.0,0.0479019475512783,3.369599986076355,3.312599987983704,0.12899994850158691
2.8940000534057617,2.9600000381469727,2.7799999713897705,2.8510000705718994,2.8510000705718994,2682000.0,0.010276415164638175,3.321499991416931,3.2923599910736083,0.029000043869018555
2.8359999656677246,2.9007999897003174,2.7720000743865967,2.799999952316284,2.799999952316284,1370000.0,-0.017888501225250653,3.2745499849319457,3.27725998878479,-0.051000118255615234
2.813999891281128,2.877000093460083,2.7090001106262207,2.753999948501587,2.753999948501587,1305000.0,-0.016428573070740193,3.210449993610382,3.2612999868392945,-0.046000003814697266
2.7290000915527344,2.7290000915527344,2.638999938964844,2.6600000858306885,2.6600000858306885,1301000.0,-0.034132122160003164,3.1513999938964843,3.2406199884414675,-0.09399986267089844
2.6730000972747803,2.7548999786376958,2.6059999465942383,2.6700000762939453,2.6700000762939453,1670000.0,0.003759394789693671,3.09264999628067,3.223159990310669,0.009999990463256836
2.6559998989105225,2.799999952316284,2.651000022888184,2.7149999141693115,2.7149999141693115,1325000.0,0.0168538713818418,3.046999990940094,3.2055399894714354,0.04499983787536621
2.697999954223633,2.7230000495910645,2.63700008392334,2.680999994277954,2.680999994277954,1291000.0,-0.012522991147776885,3.0052499890327455,3.189479990005493,-0.03399991989135742
,,,,,,,,,
2.703000068664551,2.76449990272522,2.674499988555908,2.71399998664856,2.71399998664856,1074000.0,0.01230883716562392,2.9735999941825866,3.176719989776611,0.03299999237060591
2.789999961853028,2.8510000705718994,2.58899998664856,2.6010000705718994,2.6010000705718994,3204000.0,-0.041635930962623524,2.9279500007629395,3.1660999917984007,-0.1129999160766606
2.6050000190734863,2.64739990234375,2.558000087738037,2.57699990272522,2.57699990272522,1391000.0,-0.009227284581119655,2.8831499934196474,3.149739990234375,-0.024000167846679243
2.555000066757202,2.6470000743865967,2.555000066757202,2.635999917984009,2.635999917984009,1874000.0,0.022894845745393688,2.8383999943733214,3.140239987373352,0.05900001525878862
2.627000093460083,2.7260000705718994,2.6010000705718994,2.720999956130981,2.720999956130981,2209000.0,0.03224584248545037,2.8016499876976013,3.1320399856567382,0.08500003814697221
2.71399998664856,2.845999956130981,2.7100000381469727,2.811000108718872,2.811000108718872,2511000.0,0.03307613158357525,2.770149993896484,3.1271999883651733,0.09000015258789107
2.812999963760376,2.9260001182556152,2.803999900817871,2.8910000324249268,2.8910000324249268,1331000.0,0.02845959466807524,2.751699995994568,3.1234999895095825,0.07999992370605469
2.989000082015991,3.795000076293945,2.984999895095825,3.555000066757202,3.555000066757202,21123000.0,0.22967832130230814,2.7739500045776366,3.1362199926376344,0.6640000343322754
3.572499990463257,3.746999979019165,3.45199990272522,3.565999984741211,3.565999984741211,7867000.0,0.0030942103452737957,2.8061500072479246,3.1494199943542482,0.010999917984008789
3.569999933242798,3.700000047683716,3.4749999046325684,3.4830000400543213,3.4830000400543213,3935000.0,-0.023275363163781093,2.841450011730194,3.159879994392395,-0.08299994468688965
3.450000047683716,3.450000047683716,3.2809998989105225,3.365999937057495,3.365999937057495,3327000.0,-0.03359176045114298,2.878350007534027,3.166359992027283,-0.11700010299682617
3.3529999256134038,3.4670000076293945,3.282999992370605,3.3499999046325684,3.3499999046325684,3400000.0,-0.004753426240083014,2.911199998855591,3.1716399908065798,-0.016000032424926758
3.2980000972747803,3.4089999198913574,3.2090001106262207,3.3469998836517334,3.3469998836517334,2446000.0,-0.0008955286764893433,2.9374499917030334,3.1798999881744385,-0.003000020980834961
3.384999990463257,3.563999891281128,3.312000036239624,3.3910000324249268,3.3910000324249268,3552000.0,0.01314614589265739,2.9644499897956846,3.1889399909973144,0.04400014877319336
3.364000082015991,3.396699905395508,3.25,3.305000066757202,3.305000066757202,2049000.0,-0.025361240001589014,2.989699995517731,3.1904999923706057,-0.08599996566772461
3.240999937057495,3.3984999656677246,3.240999937057495,3.364000082015991,3.364000082015991,2213000.0,0.017851744044495188,3.0202000021934508,3.1902799940109254,0.05900001525878906
3.569000005722046,3.576499938964844,3.365999937057495,3.5199999809265137,3.5199999809265137,2999000.0,0.04637333386063247,3.063199996948242,3.194239993095398,0.15599989891052246
3.5369999408721924,3.575000047683716,3.372999906539917,3.506999969482422,3.506999969482422,2480000.0,-0.0036931850893561213,3.105049991607666,3.200099992752075,-0.013000011444091797
3.4649999141693115,3.609999895095825,3.4189999103546143,3.5810000896453857,3.5810000896453857,2366000.0,0.021100690278558876,3.1483500003814697,3.2054999923706053,0.07400012016296387
3.6050000190734863,3.928999900817871,3.6050000190734863,3.6760001182556152,3.6760001182556152,6644000.0,0.02652890986652756,3.198100006580353,3.2118799924850463,0.09500002861022949
3.671999931335449,3.742000102996826,3.500999927520752,3.621000051498413,3.621000051498413,2809000.0,-0.01496193280409941,3.2434500098228454,3.218559994697571,-0.05500006675720215
3.6010000705718994,3.736999988555908,3.5901999473571777,3.733000040054321,3.733000040054321,2363000.0,0.030930678531628564,3.3000500082969664,3.225099997520447,0.11199998855590776
3.720999956130981,3.900000095367432,3.6449999809265137,3.8239998817443848,3.8239998817443848,4720000.0,0.024377133863823897,3.362400007247925,3.233259997367859,0.09099984169006392
3.839999914169312,3.887200117111206,3.660000085830689,3.70199990272522,3.70199990272522,1640000.0,-0.031903761190366975,3.415700006484985,3.231039996147156,-0.1219999790191646
3.703999996185303,3.73420000076294,3.049999952316284,3.430999994277954,3.430999994277954,8194000.0,-0.07320365088280256,3.451200008392334,3.224879994392395,-0.27099990844726607
3.496999979019165,3.559999942779541,3.305999994277954,3.312000036239624,3.312000036239624,1912000.0,-0.03468375349367303,3.4762500047683718,3.2103999996185304,-0.11899995803833008
3.3489999771118164,3.450000047683716,3.2235000133514404,3.364000082015991,3.364000082015991,2947000.0,0.01570049674136076,3.4999000072479247,3.2008599996566773,0.05200004577636719
3.364000082015991,3.441999912261963,3.319999933242798,3.4140000343322754,3.4140000343322754,2626000.0,0.014863243489078526,3.4928500056266785,3.192239999771118,0.04999995231628418
3.450999975204468,3.4590001106262207,3.3399999141693115,3.433000087738037,3.433000087738037,2690000.0,0.005565334860776483,3.48620001077652,3.1883400011062624,0.01900005340576172
3.427999973297119,3.489000082015991,3.311000108718872,3.3359999656677246,3.3359999656677246,2958000.0,-0.02825520524068048,3.47885000705719,3.1847399997711183,-0.0970001220703125
3.344000101089477,3.3529999256134038,3.11899995803833,3.150000095367432,3.150000095367432,2847000.0,-0.0557553573784475,3.468050014972687,3.180800004005432,-0.18599987030029252
3.1540000438690186,3.253999948501587,3.131999969482422,3.194999933242798,3.194999933242798,1534000.0,0.014285662385072673,3.460300016403198,3.174420003890991,0.04499983787536577
3.226999998092652,3.244999885559082,3.1710000038146973,3.200999975204468,3.200999975204468,2293000.0,0.0018779474450820732,3.453000020980835,3.1689800024032593,0.006000041961670366
3.197999954223633,3.2434000968933105,3.108999967575073,3.1659998893737797,3.1659998893737797,1998000.0,-0.010934109997440045,3.4417500138282775,3.1616800022125244,-0.03500008583068848
3.1659998893737797,3.174999952316284,3.075999975204468,3.1070001125335693,3.1070001125335693,1080000.0,-0.018635432375798455,3.431850016117096,3.154700002670288,-0.058999776840210405
3.068000078201294,3.1040000915527344,2.9719998836517334,3.1040000915527344,3.1040000915527344,2962000.0,-0.0009655683528084769,3.4188500165939333,3.1479600048065186,-0.003000020980834961
3.062000036239624,3.124000072479248,3.026000022888184,3.111999988555908,3.111999988555908,1091000.0,0.0025772863296444903,3.398450016975403,3.1450000047683715,0.007999897003173828
3.0820000171661377,3.20199990272522,3.010999917984009,3.1589999198913574,3.1589999198913574,1715000.0,0.015102805754590998,3.3810500144958495,3.145980005264282,0.04699993133544922
3.1489999294281006,3.249000072479248,3.0999999046325684,3.2219998836517334,3.2219998836517334,2607000.0,0.019943008976886167,3.363100004196167,3.151980004310608,0.06299996376037598
,,,,,,,,,
,,,,,,,,,
,,,,,,,,,
,,,,,,,,,
,,,,,,,,,
,,,,,,,,,
,,,,,,,,,
,,,,,,,,,
,,,,,,,,,
,,,,,,,,,
,,,,,,,,,
,,,,,,,,,
,,,,,,,,,
,,,,,,,,,
,,,,,,,,,
,,,,,,,,,
,,,,,,,,,
,,,,,,,,,
,,,,,,,,,
,,,,,,,,,
,,,,,,,,,
,,,,,,,,,
,,,,,,,,,
,,,,,,,,,
,,,,,,,,,
,,,,,,,,,
,,,,,,,,,
,,,,,,,,,
,,,,,,,,,
,,,,,,,,,
,,,,,,,,,
,,,,,,,,,
,,,,,,,,,
,,,,,,,,,
,,,,,,,,,
,,,,,,,,,
,,,,,,,,,
,,,,,,,,,
,,,,,,,,,
,,,,,,,,,
,,,,,,,,,
,,,,,,,,,
,,,,,,,,,
,,,,,,,,,
,,,,,,,,,
,,,,,,,,,
,,,,,,,,,
,,,,,,,,,
,,,,,,,,,
,,,,,,,,,
,,,,,,,,,
,,,,,,,,,
,,,,,,,,,
,,,,,,,,,
,,,,,,,,,
,,,,,,,,,
,,,,,,,,,
,,,,,,,,,
,,,,,,,,,
,,,,,,,,,
,,,,,,,,,
,,,,,,,,,
,,,,,,,,,
,,,,,,,,,
,,,,,,,,,
,,,,,,,,,
,,,,,,,,,
,,,,,,,,,
,,,,,,,,,
,,,,,,,,,
,,,,,,,,,
,,,,,,,,,
,,,,,,,,,
,,,,,,,,,
,,,,,,,,,
,,,,,,,,,
,,,,,,,,,
,,,,,,,,,
,,,,,,,,,
,,,,,,,,,
,,,,,,,,,
,,,,,,,,,
,,,,,,,,,
,,,,,,,,,
,,,,,,,,,
,,,,,,,,,
,,,,,,,,,
,,,,,,,,,
,,,,,,,,,
,,,,,,,,,
,,,,,,,,,
,,,,,,,,,
,,,,,,,,,
,,,,,,,,,
,,,,,,,,,
2.693000078201294,2.700000047683716,2.625,2.657999992370605,2.657999992370605,2150000.0,-0.0044944133260088615,2.3310999989509584,2.2829999995231627,-0.012000083923340288
2.634999990463257,2.645400047302246,2.5655999183654785,2.5829999446868896,2.5829999446868896,2693000.0,-0.02821672230962824,2.3577499985694885,2.2830599999427794,-0.07500004768371538
2.5840001106262207,2.694999933242798,2.556999921798706,2.680000066757202,2.680000066757202,4010000.0,0.03755328073848285,2.379900002479553,2.285220000743866,0.0970001220703125
2.688999891281128,2.7239999771118164,2.6559998989105225,2.7149999141693115,2.7149999141693115,5608000.0,0.01305964423144923,2.4126999974250793,2.2889000010490417,0.034999847412109375
2.809000015258789,2.878000020980835,2.752000093460083,2.8489999771118164,2.8489999771118164,14563000.0,0.04935545752438952,2.4523000001907347,2.2952800011634826,0.13400006294250488
2.8480000495910645,2.86299991607666,2.765000104904175,2.803999900817871,2.803999900817871,4082000.0,-0.015795042701110984,2.486449992656708,2.302019999027252,-0.04500007629394531
2.776000022888184,2.813999891281128,2.7060000896453857,2.750999927520752,2.750999927520752,6682000.0,-0.018901560332316714,2.523799991607666,2.3071799969673155,-0.05299997329711914
2.7279999256134038,2.759000062942505,2.608999967575073,2.619999885559082,2.619999885559082,3816000.0,-0.04761906412688621,2.5496999859809875,2.3118399930000306,-0.13100004196166992
2.75,2.7780001163482666,2.611999988555908,2.6989998817443848,2.6989998817443848,6823000.0,0.0301526716167948,2.576349985599518,2.318339989185333,0.07899999618530273
,,,,,,,,,
2.7679998874664307,2.7809998989105225,2.687999963760376,2.759000062942505,2.759000062942505,5444000.0,0.022230523833643767,2.604299986362457,2.3307599902153013,0.06000018119812012
2.753000020980835,2.808000087738037,2.734999895095825,2.796999931335449,2.796999931335449,4030000.0,0.013773058182687148,2.632249987125397,2.3454199910163878,0.037999868392944336
2.825000047683716,2.861999988555908,2.7739999294281006,2.7769999504089355,2.7769999504089355,5441000.0,-0.007150511768859613,2.6576499819755552,2.3611799907684325,-0.019999980926513672
2.7960000038146973,2.8598999977111816,2.7960000038146973,2.821000099182129,2.821000099182129,5311000.0,0.015844490298501546,2.6768999814987184,2.37699999332428,0.04400014877319336
2.7880001068115234,2.867000102996826,2.756500005722046,2.845000028610229,2.845000028610229,6528000.0,0.008507596095107539,2.6977999806404114,2.392839994430542,0.023999929428100142
2.9019999504089355,2.9988999366760254,2.875,2.930000066757202,2.930000066757202,16197000.0,0.02987699026087376,2.718499982357025,2.4058599948883055,0.0850000381469731
2.924000024795532,2.924000024795532,2.864000082015991,2.875,2.875,5587000.0,-0.018771353414361425,2.732899987697601,2.4172199964523315,-0.05500006675720215
2.882999897003174,2.9739999771118164,2.878000020980835,2.950000047683716,2.950000047683716,4938000.0,0.026086973107379396,2.7464499950408934,2.429959998130798,0.07500004768371582
2.947000026702881,2.969000101089477,2.8940999507904053,2.9210000038146973,2.9210000038146973,3203000.0,-0.009830523186529772,2.7621499896049495,2.4421999979019167,-0.029000043869018555
2.941999912261963,3.0,2.924000024795532,2.9549999237060547,2.9549999237060547,4434000.0,0.011639821926379579,2.7829499840736385,2.457299995422363,0.03399991989135742
2.99399995803833,3.000999927520752,2.950000047683716,2.95199990272522,2.95199990272522,5686000.0,-0.0010152355527210943,2.7970499753952027,2.471339993476868,-0.003000020980834517
2.950000047683716,3.009000062942505,2.927999973297119,2.976999998092652,2.976999998092652,4080000.0,0.008468867273454972,2.812999975681305,2.484439992904663,0.02500009536743164
2.996000051498413,3.0280001163482666,2.9749999046325684,2.9800000190734863,2.9800000190734863,4949000.0,0.0010077329468447527,2.8328499794006348,2.4969799947738647,0.003000020980834517
3.0269999504089355,3.0989999771118164,2.984999895095825,3.095999956130981,3.095999956130981,6278000.0,0.03892615312585135,2.8536499738693237,2.5136599922180176,0.11599993705749467
3.101999998092652,3.108999967575073,3.055000066757202,3.0969998836517334,3.0969998836517334,2904000.0,0.0003229740099874867,2.8727499723434446,2.5295999908447264,0.0009999275207523972
3.1070001125335693,3.194999933242798,3.0230000019073486,3.1530001163482666,3.1530001163482666,6208000.0,0.01808209066850286,2.8879499793052674,2.5456999921798706,0.0560002326965332
3.193000078201294,3.239000082015991,3.150000095367432,3.2049999237060547,3.2049999237060547,4838000.0,0.016492167915938216,2.9079999804496763,2.566059989929199,0.051999807357788086
3.2260000705718994,3.2309999465942383,3.150000095367432,3.150000095367432,3.150000095367432,4421000.0,-0.017160633275468018,2.9279499888420104,2.5882999897003174,-0.0549998283386226
3.164999961853028,3.196000099182129,3.134999990463257,3.1530001163482666,3.1530001163482666,2629000.0,0.0009523875841295215,2.9546000003814696,2.6116599917411802,0.003000020980834517
3.1530001163482666,3.1989998817443848,3.119999885559082,3.180999994277954,3.180999994277954,2242000.0,0.008880392291934491,2.978700006008148,2.6353399920463563,0.0279998779296875
3.190000057220459,3.1988000869750977,3.0799999237060547,3.11299991607666,3.11299991607666,3258000.0,-0.021376950117451665,2.996399998664856,2.658859989643097,-0.06800007820129395
3.138999938964844,3.1589999198913574,3.08899998664856,3.1470000743865967,3.1470000743865967,2167000.0,0.010921991399468922,3.0139000058174132,2.683139991760254,0.03400015830993652
3.1489999294281006,3.200000047683716,3.125,3.183000087738037,3.183000087738037,2407000.0,0.011439470130440776,3.0342000126838684,2.705799994468689,0.03600001335144043
3.2060000896453857,3.2100000381469727,3.1489999294281006,3.174999952316284,3.174999952316284,2825000.0,-0.0025133946595138346,3.0519000053405763,2.7245599937438967,-0.00800013542175293
3.186000108718872,3.2279999256134038,3.164999961853028,3.184999942779541,3.184999942779541,3652000.0,0.0031496033428162207,3.068900001049042,2.7470799922943114,0.009999990463256836
3.187999963760376,3.187999963760376,3.0820000171661377,3.1410000324249268,3.1410000324249268,5063000.0,-0.013814728773971496,3.0794499993324282,2.7687599945068357,-0.04399991035461426
3.0999999046325684,3.134299993515014,3.065000057220459,3.0739998817443848,3.0739998817443848,4248000.0,-0.021330834125721454,3.0893999934196477,2.787819991111755,-0.06700015068054199
3.072999954223633,3.114000082015991,2.805000066757202,2.9609999656677246,2.9609999656677246,18391000.0,-0.03675989603894736,3.089949989318848,2.806959991455078,-0.11299991607666016
2.953000068664551,2.9800000190734863,2.809999942779541,2.851999998092652,2.851999998092652,10546000.0,-0.03681187735187719,3.086499989032746,2.821959991455078,-0.1089999675750728
2.8399999141693115,2.8399999141693115,2.743000030517578,2.7720000743865967,2.7720000743865967,7288000.0,-0.0280504641513174,3.077349996566773,2.8340799951553346,-0.07999992370605513
2.743000030517578,2.75,2.569999933242798,2.6459999084472656,2.6459999084472656,16236000.0,-0.04545460409744506,3.062049996852875,2.8429999923706055,-0.12600016593933105
2.657000064849853,2.674000024795532,2.615999937057495,2.6630001068115234,2.6630001068115234,5851000.0,0.0064248673289766245,3.0463500022888184,2.8514999961853027,0.017000198364257812
2.6630001068115234,2.6630001068115234,2.595999956130981,2.627000093460083,2.627000093460083,4103000.0,-0.013518592530040952,3.0287000060081484,2.8586599969863893,-0.03600001335144043
2.63100004196167,2.71399998664856,2.63100004196167,2.694999933242798,2.694999933242798,6330000.0,0.025884978059955266,3.008650004863739,2.8638399934768675,0.06799983978271484
2.690999984741211,2.7179999351501465,2.496000051498413,2.628999948501587,2.628999948501587,3966000.0,-0.02448979086310976,2.985250008106232,2.867879991531372,-0.06599998474121094
2.6440000534057617,2.6600000858306885,2.6010000705718994,2.615999937057495,2.615999937057495,5208000.0,-0.0049448503989135695,2.958399999141693,2.8698799896240232,-0.013000011444091797
2.617000102996826,2.694999933242798,2.6010000705718994,2.680000066757202,2.680000066757202,6887000.0,0.024464881972319663,2.9321500062942505,2.8717399930953977,0.06400012969970703
2.664999961853028,2.747999906539917,2.615000009536743,2.634000062942505,2.634000062942505,6253000.0,-0.017164180100322612,2.906350004673004,2.8708399963378906,-0.046000003814697266
2.6070001125335693,2.628999948501587,2.569999933242798,2.5969998836517334,2.5969998836517334,7604000.0,-0.014047144421643565,2.8785499930381775,2.870639991760254,-0.037000179290771484
2.5999999046325684,2.638999938964844,2.5999999046325684,2.609999895095825,2.609999895095825,3666000.0,0.0050057805261862764,2.849999988079071,2.8720599889755247,0.013000011444091797
2.615000009536743,2.7290000915527344,2.608999967575073,2.681999921798706,2.681999921798706,7127000.0,0.02758621823631824,2.8284499883651733,2.87229998588562,0.07200002670288086
2.6679999828338623,2.736999988555908,2.6410000324249268,2.7060000896453857,2.7060000896453857,8433000.0,0.008948608704874239,2.8063999891281126,2.8732599878311156,0.024000167846679688
2.7100000381469727,2.8329999446868896,2.7039999961853027,2.819999933242798,2.819999933242798,9241000.0,0.04212854391011911,2.788249981403351,2.8779999876022337,0.11399984359741211
2.8399999141693115,2.8399999141693115,2.759999990463257,2.776000022888184,2.776000022888184,3638000.0,-0.015602805459650204,2.7682999849319456,2.8799199867248535,-0.043999910354613814
2.7669999599456787,2.86899995803833,2.76200008392334,2.8570001125335693,2.8570001125335693,3978000.0,0.0291787064040121,2.7518999934196473,2.8827599906921386,0.0810000896453853
,,,,,,,,,
2.878999948501587,2.940999984741211,2.859999895095825,2.928999900817871,2.928999900817871,8526000.0,0.025201184966161083,2.7412999868392944,2.88435998916626,0.07199978828430176
3.015000104904175,3.13100004196167,2.990000009536743,3.1070001125335693,3.1070001125335693,27180000.0,0.06077166874126383,2.7429499983787538,2.890419993400574,0.17800021171569824
3.025000095367432,3.0899999141693115,2.9800000190734863,2.983999967575073,2.983999967575073,12774000.0,-0.03958807225732519,2.744099998474121,2.89507999420166,-0.12300014495849654
2.999000072479248,3.015000104904175,2.930000066757202,2.9579999446868896,2.9579999446868896,4965000.0,-0.008713144494204461,2.749399995803833,2.901839995384216,-0.02600002288818315
2.9719998836517334,3.007999897003174,2.944999933242798,3.0,3.0,9872000.0,0.014198801926467386,2.760799992084503,2.9078599977493287,0.04200005531311035
2.990000009536743,3.013999938964844,2.9590001106262207,2.986000061035156,2.986000061035156,10184000.0,-0.004666646321614731,2.777799999713898,2.912399997711182,-0.013999938964844194
2.992000102996826,3.0380001068115234,2.9830000400543213,3.009000062942505,3.009000062942505,6773000.0,0.007702612671540265,2.7950999975204467,2.916640000343323,0.023000001907349077
2.992000102996826,3.01200008392334,2.934999942779541,2.940999984741211,2.940999984741211,4979000.0,-0.02259889557290229,2.8107999920845033,2.9199200010299684,-0.06800007820129395
2.9019999504089355,2.9200000762939453,2.812999963760376,2.828000068664551,2.828000068664551,6365000.0,-0.038422277002018945,2.817449998855591,2.9200600004196167,-0.11299991607666016
2.815000057220459,2.8429999351501465,2.775000095367432,2.799000024795532,2.799000024795532,3260000.0,-0.010254612151658682,2.825950002670288,2.9191400003433228,-0.029000043869019
2.7850000858306885,2.907000064849853,2.775000095367432,2.9049999713897705,2.9049999713897705,4150000.0,0.037870648679962704,2.8404000043869018,2.918639998435974,0.10599994659423873
2.901000022888184,2.947999954223633,2.861999988555908,2.865999937057495,2.865999937057495,3754000.0,-0.013425141038337918,2.8496999979019164,2.918459997177124,-0.03900003433227539
2.864000082015991,2.864000082015991,2.776000022888184,2.836999893188477,2.836999893188477,2870000.0,-0.010118647768985078,2.859849989414215,2.9161999940872194,-0.02900004386901811
2.8529999256134038,2.9119999408721924,2.821000099182129,2.8940000534057617,2.8940000534057617,3440000.0,0.020091703335675115,2.8746999979019163,2.9156599950790407,0.05700016021728471
2.9260001182556152,3.007999897003174,2.890000104904175,2.976999998092652,2.976999998092652,9537000.0,0.028680008001110036,2.8930500030517576,2.9160999965667727,0.08299994468689009
2.9660000801086426,3.002000093460083,2.947000026702881,2.986999988555908,2.986999988555908,6177000.0,0.0033590831271963495,2.908300006389618,2.9167999982833863,0.009999990463256392
2.9760000705718994,3.015500068664551,2.9539999961853027,2.9809999465942383,2.9809999465942383,3830000.0,-0.0020087184414656623,2.9220499992370605,2.916879997253418,-0.006000041961669922
3.00600004196167,3.151000022888184,2.9749999046325684,3.119999885559082,3.119999885559082,9708000.0,0.04662862846530724,2.937049996852875,2.91967999458313,0.13899993896484375
2.907000064849853,3.013999938964844,2.844000101089477,2.907000064849853,2.907000064849853,5882000.0,-0.06826917580833847,2.9435999989509583,2.915899996757507,-0.21299982070922896
2.859999895095825,2.9030001163482666,2.634999990463257,2.7160000801086426,2.7160000801086426,8878000.0,-0.06570346765749924,2.936549997329712,2.9082800006866454,-0.1909999847412105
2.7790000438690186,2.8540000915527344,2.7239999771118164,2.8540000915527344,2.8540000915527344,6409000.0,0.05081001744247793,2.9328000068664553,2.902300000190735,0.1380000114440918
2.9159998893737797,3.0350000858306885,2.9100000858306885,3.032000064849853,3.032000064849853,6408000.0,0.06236859410900619,2.9290500044822694,2.898840003013611,0.1779999732971187
3.0420000553131104,3.111000061035156,2.996500015258789,3.075999975204468,3.075999975204468,9006000.0,0.01451184347411738,2.933650004863739,2.8973600006103517,0.043999910354615146
3.075000047683716,3.101999998092652,3.065000057220459,3.0829999446868896,3.0829999446868896,5491000.0,0.0022756728019661665,2.939900004863739,2.895959997177124,0.006999969482421431
,,,,,,,,,
3.0969998836517334,3.0969998836517334,3.025000095367432,3.061000108718872,3.061000108718872,6592000.0,-0.007135853507208467,2.9429500102996826,2.8935599994659422,-0.021999835968017578
3.026000022888184,3.069999933242798,3.0,3.065000057220459,3.065000057220459,3821000.0,0.0013067456254554077,2.9469000101089478,2.8926000022888183,0.003999948501586914
3.062000036239624,3.0840001106262207,3.025000095367432,3.0369999408721924,3.0369999408721924,3052000.0,-0.00913543746346901,2.948300004005432,2.89039999961853,-0.0280001163482666
3.059999942779541,3.111000061035156,3.0541000366210938,3.0999999046325684,3.0999999046325684,8898000.0,0.020744143887695632,2.95625,2.888739995956421,0.06299996376037598
3.0999999046325684,3.200000047683716,3.088000059127808,3.184999942779541,3.184999942779541,10497000.0,0.0274193679877055,2.9740999937057495,2.888939995765686,0.08500003814697266
3.200000047683716,3.325000047683716,3.194999933242798,3.249000072479248,3.249000072479248,14486000.0,0.020094232605811113,2.996599996089935,2.8902199983596804,0.06400012969970703
3.2780001163482666,3.299999952316284,3.180999994277954,3.1989998817443848,3.1989998817443848,5939000.0,-0.015389408931809956,3.011299991607666,2.8913799953460693,-0.05000019073486328
3.240999937057495,3.25,3.188999891281128,3.2100000381469727,3.2100000381469727,6116000.0,0.0034386235727490444,3.02849999666214,2.894099998474121,0.01100015640258789
3.2219998836517334,3.246000051498413,3.181999921798706,3.2320001125335693,3.2320001125335693,11509000.0,0.0068536056464649775,3.0482500076293944,2.899520001411438,0.02200007438659668
3.2790000438690186,3.287899971008301,3.190999984741211,3.220000028610229,3.220000028610229,7799000.0,-0.0037128971242310627,3.064550006389618,2.9068800020217895,-0.012000083923340288
3.233999967575073,3.3350000381469727,3.2279999256134038,3.325999975204468,3.325999975204468,15701000.0,0.0329192377802523,3.0820000052452086,2.917960000038147,0.10599994659423917
3.2809998989105225,3.3570001125335693,3.2730000019073486,3.309000015258789,3.309000015258789,12392000.0,-0.005111232733738702,3.098100006580353,2.9312200021743773,-0.016999959945679155
3.321000099182129,3.3489999771118164,3.2249999046325684,3.2730000019073486,3.2730000019073486,9941000.0,-0.010879423748997752,3.112700009346008,2.943420000076294,-0.03600001335144043
3.289999961853028,3.345999956130981,3.246999979019165,3.2869999408721924,3.2869999408721924,16370000.0,0.004277402675430864,3.121050012111664,2.956619997024536,0.01399993896484375
3.2960000038146973,3.309999942779541,3.25,3.259999990463257,3.259999990463257,5406000.0,-0.00821416212188042,3.138700008392334,2.9679199981689455,-0.026999950408935547
3.253999948501587,3.2730000019073486,3.183000087738037,3.255000114440918,3.255000114440918,8020000.0,-0.0015337043058175626,3.1656500101089478,2.980440001487732,-0.004999876022338867
3.2980000972747803,3.351999998092652,3.2790000438690186,3.321000099182129,3.321000099182129,8569000.0,0.020276492295161486,3.1890000104904175,2.9945400047302244,0.06599998474121094
3.3510000705718994,3.4570000171661377,3.3429999351501465,3.427000045776367,3.427000045776367,10469000.0,0.03191807992428042,3.208750009536743,3.009480004310608,0.10599994659423828
3.430999994277954,3.4760000705718994,3.3499999046325684,3.427000045776367,3.427000045776367,6709000.0,0.0,3.2263000130653383,3.025340003967285,0.0
3.441999912261963,3.447999954223633,3.3090999126434326,3.4049999713897705,3.4049999713897705,7298000.0,-0.006419630607741311,3.242400014400482,3.041500005722046,-0.02200007438659668
3.421999931335449,3.4549999237060547,3.2850000858306885,3.3529999256134038,3.3529999256134038,12036000.0,-0.01527167289670861,3.257000005245209,3.0563600063323975,-0.05200004577636674
3.496999979019165,3.714999914169312,3.319999933242798,3.678999900817871,3.678999900817871,33537000.0,0.09722635921169265,3.2876999974250793,3.0763000059127807,0.32599997520446733
3.5850000381469727,3.694999933242798,3.555000066757202,3.684999942779541,3.684999942779541,15616000.0,0.001630889405660474,3.3200999975204466,3.095880002975464,0.006000041961669922
3.7060000896453857,3.740000009536743,3.635999917984009,3.700999975204468,3.700999975204468,9321000.0,0.00434193559657392,3.350150001049042,3.113500003814697,0.016000032424927202
3.753000020980835,3.874000072479248,3.732500076293945,3.8310000896453857,3.8310000896453857,12033000.0,0.03512567287540591,3.382450008392334,3.1346000051498413,0.13000011444091752
3.8329999446868896,3.92300009727478,3.8010001182556152,3.878999948501587,3.878999948501587,13568000.0,0.012529328565127784,3.413950002193451,3.1550400018692017,0.04799985885620117
3.913000106811523,3.974999904632568,3.911999940872192,3.928999900817871,3.928999900817871,10585000.0,0.012889907960838887,3.4504500031471252,3.1750400018692018,0.04999995231628418
3.954999923706055,4.0929999351501465,3.954999923706055,3.990999937057495,3.990999937057495,21464000.0,0.015780106338693978,3.4894999980926515,3.19271999835968,0.06200003623962402
3.992000102996826,4.054999828338623,3.901000022888184,3.937999963760376,3.937999963760376,9704000.0,-0.013279873248055019,3.5247999906539915,3.2117999982833862,-0.05299997329711914
3.986000061035156,3.990000009536743,3.888000011444092,3.9079999923706055,3.9079999923706055,11992000.0,-0.007618073048716756,3.5591999888420105,3.2307999992370604,-0.029999971389770508
3.802000045776367,3.947999954223633,3.700000047683716,3.836999893188477,3.836999893188477,19243000.0,-0.018167886213085627,3.5847499847412108,3.24753999710083,-0.07100009918212846
3.890000104904175,3.9570000171661377,3.859999895095825,3.874000072479248,3.874000072479248,58113000.0,0.009642997216771976,3.612999987602234,3.265299997329712,0.03700017929077104
3.872999906539917,4.065000057220459,3.868000030517578,4.025000095367432,4.025000095367432,21969000.0,0.03897780590167832,3.650599992275238,3.2856199979782104,0.1510000228881836
4.037000179290772,4.27899980545044,4.025000095367432,4.241000175476074,4.241000175476074,17385000.0,0.05366461490454322,3.698300004005432,3.3116200017929076,0.21600008010864258
4.270999908447266,4.270999908447266,4.138999938964844,4.247000217437744,4.247000217437744,10158000.0,0.0014147705054023962,3.7476500153541563,3.3400000047683718,0.006000041961669922
4.297999858856201,4.361999988555908,4.169000148773193,4.176000118255615,4.176000118255615,17028000.0,-0.016717705567946495,3.7937000155448914,3.367540006637573,-0.0710000991821289
4.188000202178955,4.264999866485596,4.071000099182129,4.093999862670898,4.093999862670898,7926000.0,-0.01963607597285455,3.8323500037193297,3.391320004463196,-0.0820002555847168
4.078000068664551,4.10699987411499,4.020999908447266,4.063000202178955,4.063000202178955,9425000.0,-0.007571973994087822,3.864150011539459,3.415260009765625,-0.03099966049194336
4.080999851226807,4.197000026702881,4.080999851226807,4.151999950408936,4.151999950408936,5864000.0,0.021904933251603476,3.9004000067710876,3.441560010910034,0.08899974822998136
4.151999950408936,4.181000232696533,4.10699987411499,4.138999938964844,4.138999938964844,3897000.0,-0.003131023988286019,3.9371000051498415,3.466460008621216,-0.013000011444092685
4.142000198364258,4.15500020980835,4.0879998207092285,4.129000186920166,4.129000186920166,3927000.0,-0.0024159826509151383,3.9759000182151794,3.489500012397766,-0.009999752044677734
4.113999843597412,4.140999794006348,4.079999923706055,4.136000156402588,4.136000156402588,6719000.0,0.001695318276951463,3.9987500309944153,3.5124800157547,0.006999969482421875
4.119999885559082,4.139999866485596,3.990999937057495,4.066999912261963,4.066999912261963,9715000.0,-0.016682843697143346,4.017850029468536,3.534200015068054,-0.069000244140625
4.09499979019165,4.377999782562256,4.09499979019165,4.242000102996826,4.242000102996826,14498000.0,0.043029307723179366,4.044900035858154,3.5566400194168093,0.17500019073486328
,,,,,,,,,
4.2820000648498535,4.35699987411499,4.25,4.318999767303467,4.318999767303467,8102000.0,0.018151735605155483,4.069300019741059,3.5848800134658814,0.07699966430664062
4.34499979019165,4.368000030517578,4.23199987411499,4.277999877929688,4.277999877929688,5234000.0,-0.00949291307773703,4.089250016212463,3.616120009422302,-0.04099988937377841
4.269999980926514,4.3480000495910645,4.238999843597412,4.321000099182129,4.321000099182129,6511000.0,0.010051477905429484,4.108850026130677,3.64546000957489,0.04300022125244052
4.264999866485596,4.28249979019165,4.073999881744385,4.104000091552734,4.104000091552734,9506000.0,-0.05021985712762833,4.114500033855438,3.666900010108948,-0.21700000762939453
4.007999897003174,4.232999801635742,3.9779999256134033,4.163000106811523,4.163000106811523,10295000.0,0.014376221720908022,4.125750041007995,3.688640012741089,0.05900001525878906
4.118000030517578,4.15399980545044,3.994999885559082,4.057000160217285,4.057000160217285,5907000.0,-0.025462393436118447,4.13320004940033,3.7081200170516966,-0.10599994659423828
4.073999881744385,4.1743998527526855,4.056000232696533,4.090000152587891,4.090000152587891,5796000.0,0.008134087026715253,4.1458500623703,3.7287000179290772,0.03299999237060547
4.120999813079834,4.210000038146973,4.077000141143799,4.177000045776367,4.177000045776367,5237000.0,0.02127136673416219,4.161000061035156,3.7509400177001955,0.08699989318847656
4.185999870300293,4.185999870300293,4.080999851226807,4.14900016784668,4.14900016784668,6893000.0,-0.006703346330580007,4.167200064659118,3.773180022239685,-0.0279998779296875
4.197999954223633,4.486999988555908,4.178999900817871,4.295000076293945,4.295000076293945,16824000.0,0.035189178727615955,4.169900059700012,3.7970800256729125,0.14599990844726562
4.313000202178955,4.331999778747559,4.151999950408936,4.245999813079834,4.245999813079834,9732000.0,-0.011408675749405961,4.1698500394821165,3.8183000230789186,-0.04900026321411133
4.293000221252441,4.465000152587891,4.275000095367432,4.449999809265137,4.449999809265137,10570000.0,0.04804522024633151,4.183550024032593,3.8423200178146364,0.20399999618530273
4.499000072479248,4.519999980926514,4.360000133514404,4.386000156402588,4.386000156402588,10216000.0,-0.014381945079929737,4.198150038719177,3.8660600233078,-0.06399965286254883
4.386000156402588,4.396999835968018,4.285999774932861,4.335000038146973,4.335000038146973,6278000.0,-0.01162793352416236,4.211750030517578,3.8885600233078,-0.051000118255615234
4.311999797821045,4.3470001220703125,4.289999961853027,4.320000171661377,4.320000171661377,4230000.0,-0.0034601767828374985,4.2201500415802,3.9103200244903564,-0.014999866485595703
4.316999912261963,4.400000095367432,4.302000045776367,4.38700008392334,4.38700008392334,4647000.0,0.015509238333246689,4.232550048828125,3.9336600255966188,0.06699991226196289
4.269999980926514,4.315999984741211,4.073999881744385,4.275000095367432,4.275000095367432,14682000.0,-0.025529971828891607,4.239850044250488,3.952640027999878,-0.1119999885559082
4.301000118255615,4.412000179290772,4.263000011444092,4.296000003814697,4.296000003814697,6659000.0,0.00491225917632665,4.247850036621093,3.972380027770996,0.020999908447265625
4.302999973297119,4.339000225067139,4.276999950408936,4.291999816894531,4.291999816894531,3848000.0,-0.0009311422059157248,4.259100031852722,3.9927600240707397,-0.004000186920166016
4.323999881744385,4.375999927520752,4.227700233459473,4.302999973297119,4.302999973297119,5830000.0,0.0025629442851531348,4.2621500253677365,4.013080024719239,0.01100015640258789
4.367000102996826,4.408999919891357,4.314000129699707,4.341000080108643,4.341000080108643,5605000.0,0.008831072983346067,4.263250041007995,4.034700026512146,0.03800010681152344
4.381999969482422,4.429999828338623,4.326000213623047,4.376999855041504,4.376999855041504,4930000.0,0.008292968041585524,4.268200039863586,4.057140021324158,0.03599977493286133
4.394000053405762,4.394000053405762,4.321000099182129,4.368000030517578,4.368000030517578,3130000.0,-0.002056162856290622,4.270550036430359,4.078080019950867,-0.008999824523925781
4.4070000648498535,4.453999996185303,4.35099983215332,4.435999870300293,4.435999870300293,7354000.0,0.015567728779218193,4.287150025367737,4.098260016441345,0.06799983978271484
4.486999988555908,4.5,4.353000164031982,4.373000144958496,4.373000144958496,4308000.0,-0.01420192226866146,4.297650027275085,4.117180018424988,-0.06299972534179688
4.436999797821045,4.436999797821045,4.190999984741211,4.230000019073486,4.230000019073486,5561000.0,-0.03270069086319849,4.306300020217895,4.133680019378662,-0.14300012588500977
4.211999893188477,4.2729997634887695,4.166999816894531,4.238999843597412,4.238999843597412,3380000.0,0.0021276180811689027,4.313750004768371,4.151400017738342,0.008999824523925781
4.199999809265137,4.232999801635742,4.014999866485596,4.209000110626221,4.209000110626221,9196000.0,-0.007077078102869727,4.315350008010864,4.162000021934509,-0.029999732971191406
4.247000217437744,4.36299991607666,4.215000152587891,4.2820000648498535,4.2820000648498535,5013000.0,0.017343775791151428,4.322000002861023,4.1739400243759155,0.07299995422363281
4.2210001945495605,4.275000095367432,4.169000148773193,4.202000141143799,4.202000141143799,4450000.0,-0.0186828403770376,4.317350006103515,4.183960027694702,-0.07999992370605469
4.255000114440918,4.263999938964844,4.214000225067139,4.248000144958496,4.248000144958496,2303000.0,0.010947168555347941,4.317450022697448,4.192300028800965,0.046000003814697266
4.252999782562256,4.423999786376953,4.242000102996826,4.339000225067139,4.339000225067139,5021000.0,0.021421863701356347,4.311900043487549,4.201500034332275,0.09100008010864258
4.341000080108643,4.349999904632568,4.28000020980835,4.315000057220459,4.315000057220459,2481000.0,-0.005531266789991496,4.308350038528443,4.2092200374603275,-0.024000167846679688
4.271999835968018,4.367000102996826,4.271999835968018,4.3480000495910645,4.3480000495910645,3306000.0,0.007647738570799145,4.309000039100647,4.216360039710999,0.03299999237060547
4.375,4.423999786376953,4.355000019073486,4.386000156402588,4.386000156402588,3313000.0,0.008739674879970849,4.312300038337708,4.225320043563843,0.03800010681152344
4.421000003814697,4.421000003814697,4.315000057220459,4.348999977111816,4.348999977111816,4567000.0,-0.008435973089686133,4.310400032997132,4.234140043258667,-0.037000179290771484
4.330999851226807,4.36899995803833,4.288000106811523,4.302999973297119,4.302999973297119,6838000.0,-0.010577145103883412,4.311800026893616,4.24346004486084,-0.046000003814697266
4.313000202178955,4.357600212097168,4.133999824523926,4.135000228881836,4.135000228881836,6026000.0,-0.03904246931392741,4.303750038146973,4.248680047988891,-0.1679997444152832
4.13100004196167,4.162000179290772,4.083000183105469,4.084000110626221,4.084000110626221,8142000.0,-0.012333764312609574,4.293350052833557,4.249860048294067,-0.051000118255615234
4.103000164031982,4.175000190734863,4.08650016784668,4.144999980926514,4.144999980926514,6557000.0,0.01493630476198482,4.285450053215027,4.247940044403077,0.06099987030029297
4.13100004196167,4.189000129699707,4.068999767303467,4.078000068664551,4.078000068664551,9371000.0,-0.01616403198317673,4.272300052642822,4.244560041427612,-0.06699991226196289
4.199999809265137,4.51800012588501,4.184000015258789,4.35699987411499,4.35699987411499,21497000.0,0.06841584128315259,4.271300053596496,4.2481800365448,0.27899980545043945
4.295000076293945,4.335000038146973,3.875,4.040999889373779,4.040999889373779,25536000.0,-0.07252696669067449,4.254950046539307,4.247120037078857,-0.31599998474121094
4.01800012588501,4.066999912261963,3.8970000743865967,3.9149999618530273,3.9149999618530273,9357000.0,-0.031180383808492973,4.228900051116943,4.2441600322723385,-0.12599992752075195
,,,,,,,,,
,,,,,,,,,
,,,,,,,,,
,,,,,,,,,
,,,,,,,,,
,,,,,,,,,
,,,,,,,,,
,,,,,,,,,
,,,,,,,,,
,,,,,,,,,
,,,,,,,,,
,,,,,,,,,
,,,,,,,,,
,,,,,,,,,
,,,,,,,,,
,,,,,,,,,
,,,,,,,,,
,,,,,,,,,
,,,,,,,,,
,,,,,,,,,
,,,,,,,,,
,,,,,,,,,
,,,,,,,,,
,,,,,,,,,
,,,,,,,,,
,,,,,,,,,
,,,,,,,,,
,,,,,,,,,
,,,,,,,,,
,,,,,,,,,
,,,,,,,,,
,,,,,,,,,
,,,,,,,,,
,,,,,,,,,
,,,,,,,,,
,,,,,,,,,
,,,,,,,,,
,,,,,,,,,
,,,,,,,,,
,,,,,,,,,
,,,,,,,,,
,,,,,,,,,
,,,,,,,,,
,,,,,,,,,
,,,,,,,,,
,,,,,,,,,
,,,,,,,,,
,,,,,,,,,
,,,,,,,,,
,,,,,,,,,
,,,,,,,,,
,,,,,,,,,
,,,,,,,,,
,,,,,,,,,
,,,,,,,,,
,,,,,,,,,
,,,,,,,,,
,,,,,,,,,
,,,,,,,,,
,,,,,,,,,
,,,,,,,,,
,,,,,,,,,
,,,,,,,,,
,,,,,,,,,
,,,,,,,,,
,,,,,,,,,
,,,,,,,,,
,,,,,,,,,
,,,,,,,,,
,,,,,,,,,
,,,,,,,,,
,,,,,,,,,
,,,,,,,,,
,,,,,,,,,
,,,,,,,,,
,,,,,,,,,
,,,,,,,,,
,,,,,,,,,
,,,,,,,,,
,,,,,,,,,
,,,,,,,,,
,,,,,,,,,
,,,,,,,,,
,,,,,,,,,
,,,,,,,,,
,,,,,,,,,
,,,,,,,,,
,,,,,,,,,
,,,,,,,,,
,,,,,,,,,
6.438000202178955,6.520999908447266,6.395999908447266,6.493000030517578,6.493000030517578,10032000.0,0.01215901311432277,6.084650015830993,5.4073600006103515,0.07800006866455078
6.461999893188477,6.4730000495910645,6.352000236511231,6.382999897003174,6.382999897003174,7018000.0,-0.016941341906267615,6.123550009727478,5.448819999694824,-0.1100001335144043
6.402999877929688,6.499000072479248,6.308000087738037,6.484000205993652,6.484000205993652,8823000.0,0.01582332925273877,6.167500019073486,5.4927600002288814,0.10100030899047852
6.500999927520752,6.53000020980835,6.455999851226807,6.499000072479248,6.499000072479248,5410000.0,0.002313366133414041,6.189400029182434,5.53710000038147,0.014999866485595703
6.548999786376953,6.738999843597412,6.527999877929688,6.698999881744385,6.698999881744385,14946000.0,0.03077393553387675,6.219500017166138,5.582799997329712,0.19999980926513672
6.736000061035156,6.891600131988525,6.71999979019165,6.886000156402588,6.886000156402588,18059000.0,0.0279146556141614,6.2562000274658205,5.625159997940063,0.18700027465820312
6.993000030517578,7.1570000648498535,6.684000015258789,6.718999862670898,6.718999862670898,36304000.0,-0.024252147827271364,6.276750016212463,5.665739994049073,-0.16700029373168945
6.697000026702881,6.748000144958496,6.474999904632568,6.671000003814697,6.671000003814697,14458000.0,-0.00714389936557025,6.292350006103516,5.704799995422364,-0.04799985885620117
6.681000232696533,6.829999923706055,6.672999858856201,6.757999897003174,6.757999897003174,13076000.0,0.013041506991264828,6.316600012779236,5.744219989776611,0.08699989318847656
6.801000118255615,7.010799884796143,6.769000053405762,6.8979997634887695,6.8979997634887695,14625000.0,0.02071616878060012,6.352749991416931,5.785519981384278,0.1399998664855957
6.829999923706055,7.074999809265137,6.732999801635742,7.039999961853027,7.039999961853027,16209000.0,0.020585706470427345,6.405099987983704,5.829159984588623,0.1420001983642578
7.065999984741211,7.300000190734863,7.055099964141846,7.236999988555908,7.236999988555908,17408000.0,0.027982958490105903,6.470899987220764,5.87769998550415,0.19700002670288086
7.277999877929687,7.298999786376953,7.079999923706055,7.271999835968018,7.271999835968018,15654000.0,0.0048362370412402544,6.53624997138977,5.924099979400634,0.034999847412109375
7.269000053405762,7.286499977111816,6.872000217437744,6.90500020980835,6.90500020980835,30925000.0,-0.050467496484866814,6.583149981498718,5.962239980697632,-0.36699962615966797
6.785999774932861,6.943999767303467,6.704999923706055,6.809000015258789,6.809000015258789,26642000.0,-0.01390299661587191,6.622149991989136,5.997099981307984,-0.09600019454956055
6.815999984741211,6.934899806976318,6.7220001220703125,6.922999858856201,6.922999858856201,13879000.0,0.01674252362196227,6.671699976921081,6.0353799819946286,0.11399984359741211
6.922999858856201,7.0,6.815999984741211,6.853000164031982,6.853000164031982,10136000.0,-0.010111179582745766,6.713699984550476,6.073559989929199,-0.06999969482421875
6.885000228881836,6.964000225067139,6.7729997634887695,6.789000034332275,6.789000034332275,10137000.0,-0.009338994333549344,6.748599982261657,6.110499992370605,-0.06400012969970703
6.790999889373779,6.887499809265137,6.790999889373779,6.852000236511231,6.852000236511231,8402000.0,0.009279746923016807,6.779250001907348,6.144819993972778,0.06300020217895597
6.857999801635742,6.898200035095215,6.828000068664551,6.870999813079834,6.870999813079834,4750000.0,0.0027728511256264188,6.802049994468689,6.180219993591309,0.018999576568602627
6.908999919891357,7.00600004196167,6.875,6.927999973297119,6.927999973297119,9961000.0,0.00829575924435022,6.823799991607666,6.215699996948242,0.057000160217285156
6.912000179290772,6.96999979019165,6.744999885559082,6.906000137329102,6.906000137329102,9659000.0,-0.0031754959660525994,6.849950003623962,6.2524199962615965,-0.021999835968017578
6.900000095367432,7.006999969482422,6.893099784851074,6.925000190734863,6.925000190734863,7615000.0,0.002751238492316288,6.872000002861023,6.289280004501343,0.01900005340576172
6.933000087738037,7.188000202178955,6.9079999923706055,7.063000202178955,7.063000202178955,16430000.0,0.019927798937641183,6.900200009346008,6.328160009384155,0.1380000114440918
,,,,,,,,,
7.145999908447266,7.22599983215332,7.078000068664551,7.170000076293945,7.170000076293945,10189000.0,0.015149351699293545,6.923750019073486,6.366920013427734,0.10699987411499023
7.170000076293945,7.21999979019165,7.086299896240234,7.1579999923706055,7.1579999923706055,8249000.0,-0.0016736518543445378,6.937350010871887,6.405840015411377,-0.012000083923339844
7.190000057220459,7.349999904632568,7.170000076293945,7.263999938964844,7.263999938964844,12155000.0,0.014808598310592114,6.964600014686584,6.445760011672974,0.10599994659423828
7.340000152587891,7.625,7.326000213623047,7.605999946594238,7.605999946594238,16679000.0,0.04708149924325733,7.011350011825561,6.49162000656128,0.34200000762939453
7.76200008392334,7.778999805450439,7.497000217437744,7.638000011444092,7.638000011444092,17774000.0,0.00420721339397101,7.055350017547608,6.537640008926392,0.032000064849853516
7.794000148773193,7.818999767303467,7.519999980926514,7.583000183105469,7.583000183105469,15648000.0,-0.007200815430245644,7.089600038528443,6.580080013275147,-0.05499982833862305
7.603000164031982,7.676000118255615,7.446000099182129,7.664999961853027,7.664999961853027,17650000.0,0.010813632700451548,7.120850038528443,6.622940015792847,0.0819997787475586
7.504000186920166,7.517000198364258,7.232999801635742,7.4120001792907715,7.4120001792907715,20132000.0,-0.0330071472695862,7.1296000480651855,6.659080018997193,-0.25299978256225586
7.339000225067139,7.440000057220459,7.126999855041504,7.309000015258789,7.309000015258789,17546000.0,-0.013896406036222997,7.131450057029724,6.693160018920898,-0.10300016403198242
7.331999778747559,7.604000091552734,7.315000057220459,7.59499979019165,7.59499979019165,19031000.0,0.03912980904854124,7.165950036048889,6.723840017318725,0.28599977493286133
7.570000171661377,7.777999877929687,7.48199987411499,7.72599983215332,7.72599983215332,25134000.0,0.01724819559980051,7.2118000268936155,6.756420011520386,0.13100004196166992
8.041000366210938,8.458000183105469,7.7571001052856445,8.29800033569336,8.29800033569336,61484000.0,0.07403579031409535,7.2805500507354735,6.799340019226074,0.5720005035400391
8.178999900817871,8.355999946594238,8.071999549865723,8.17199993133545,8.17199993133545,21848000.0,-0.015184429894022355,7.346500039100647,6.836620016098022,-0.12600040435791016
8.293000221252441,8.293000221252441,8.104000091552734,8.135000228881836,8.135000228881836,13981000.0,-0.004527619036282404,7.413800048828125,6.872140016555786,-0.03699970245361328
8.17199993133545,8.581999778747559,8.17199993133545,8.553000450134277,8.553000450134277,18621000.0,0.05138293908934477,7.4988500595092775,6.917740030288696,0.4180002212524414
8.70199966430664,8.725299835205078,8.5600004196167,8.678000450134277,8.678000450134277,20348000.0,0.014614754287548104,7.589200091362,6.967800035476684,0.125
8.725000381469727,9.11299991607666,8.6850004196167,8.914999961853027,8.914999961853027,25194000.0,0.027310382510418396,7.688550090789795,7.0262400341033935,0.23699951171875
8.95199966430664,9.352999687194824,8.951000213623047,9.305999755859377,9.305999755859377,22642000.0,0.04385864225231906,7.808550071716309,7.093940029144287,0.39099979400634943
9.324999809265137,9.355999946594238,8.880000114440918,9.20199966430664,9.20199966430664,28575000.0,-0.01117559577489291,7.922400045394897,7.158680019378662,-0.10400009155273615
9.19499969482422,9.494000434875488,9.100000381469728,9.357999801635742,9.357999801635742,18141000.0,0.016952851882206188,8.037150025367737,7.2265000152587895,0.15600013732910156
9.444000244140623,9.588000297546388,9.35099983215332,9.423999786376951,9.423999786376951,23272000.0,0.007052787576429909,8.149850010871887,7.294400014877319,0.06599998474120916
9.496000289916992,9.585000038146973,9.260000228881836,9.493000030517578,9.493000030517578,22767000.0,0.007321757820959673,8.266600012779236,7.365620012283325,0.06900024414062678
9.30500030517578,9.324999809265137,8.956999778747559,8.984000205993652,8.984000205993652,33530000.0,-0.053618437047047385,8.352600026130677,7.425040016174316,-0.5089998245239258
8.317000389099121,9.29800033569336,8.100000381469727,9.211000442504885,9.211000442504885,79796000.0,0.025267167331517904,8.43285005092621,7.487440023422241,0.22700023651123225
9.0600004196167,9.189000129699709,8.75,8.88700008392334,8.88700008392334,78909000.0,-0.03517537107982538,8.495300054550171,7.54040002822876,-0.32400035858154475
8.994000434875488,9.09000015258789,8.861000061035156,8.960000038146973,8.960000038146973,17962000.0,0.008214240298668463,8.564150047302245,7.591300029754638,0.07299995422363281
9.086000442504885,9.125,8.963000297546387,9.001999855041504,9.001999855041504,19913000.0,0.00468747954416493,8.63100004196167,7.641480026245117,0.04199981689453125
9.019000053405762,9.149999618530272,9.006999969482422,9.081000328063965,9.081000328063965,12431000.0,0.008775880281559623,8.71445004940033,7.695440034866333,0.07900047302246094
9.135000228881836,9.19499969482422,8.9350004196167,9.022000312805176,9.022000312805176,14955000.0,-0.006497083264764947,8.800100064277649,7.746200037002564,-0.05900001525878906
9.026000022888184,9.111000061035156,9.0,9.074000358581545,9.074000358581545,10990000.0,0.005763693634832201,8.874050092697143,7.7977000427246095,0.052000045776368964
,,,,,,,,,
9.109999656677246,9.324000358581545,8.968999862670898,9.057000160217283,9.057000160217283,19703000.0,-0.0018735064682010583,8.940600109100341,7.844860048294067,-0.017000198364261365
9.088000297546388,9.227999687194824,8.892000198364258,9.185999870300291,9.185999870300291,24887000.0,0.014243094600973505,8.985000085830688,7.8908600425720214,0.1289997100830078
9.24899959564209,9.369999885559082,9.053999900817873,9.343999862670898,9.343999862670898,18318000.0,0.017200086501355738,9.043600082397461,7.943360042572022,0.15799999237060725
9.369999885559082,9.78499984741211,9.345000267028809,9.753000259399414,9.753000259399414,31666000.0,0.04377144721100268,9.12450008392334,8.005000047683716,0.4090003967285156
9.835000038146973,9.937999725341797,9.611000061035156,9.748000144958496,9.748000144958496,21283000.0,-0.0005126744907136827,9.18425006866455,8.064800052642822,-0.005000114440917969
9.696000099182127,9.977999687194824,9.63700008392334,9.861000061035156,9.861000061035156,19487000.0,0.011592112679142952,9.243400049209594,8.12406005859375,0.11299991607666016
9.890000343322754,9.960000038146973,9.651000022888184,9.699000358581545,9.699000358581545,18351000.0,-0.01642832384655779,9.28260006904602,8.17724006652832,-0.1619997024536115
9.727999687194824,9.88599967956543,9.564000129699709,9.883999824523926,9.883999824523926,14012000.0,0.01907407558539731,9.311500072479248,8.23018006324768,0.18499946594238104
9.869999885559082,10.079999923706056,8.930999755859375,9.145000457763672,9.145000457763672,46563000.0,-0.07476723794821083,9.3086501121521,8.267640075683595,-0.7389993667602539
9.00100040435791,9.029000282287598,8.25100040435791,8.888999938964844,8.888999938964844,52444000.0,-0.027993494366804095,9.285200119018555,8.307320070266723,-0.2560005187988281
8.73900032043457,9.055999755859377,8.447600364685059,8.692999839782715,8.692999839782715,39555000.0,-0.02204973568769697,9.248650121688843,8.345000066757201,-0.1960000991821289
8.746999740600586,8.819999694824219,8.442999839782715,8.53600025177002,8.53600025177002,21236000.0,-0.018060461394949212,9.200800132751464,8.377260074615478,-0.1569995880126953
8.1899995803833,8.553999900817871,8.154999732971191,8.54800033569336,8.54800033569336,28961000.0,0.0014058204743903069,9.17900013923645,8.411160078048706,0.012000083923339844
8.696000099182129,8.819000244140625,8.567999839782715,8.692999839782715,8.692999839782715,24992000.0,0.016962973607276277,9.153100109100341,8.449240074157714,0.14499950408935547
8.82800006866455,9.083999633789062,8.779000282287598,9.055999755859377,9.055999755859377,21835000.0,0.04175772722500537,9.161550092697144,8.493320064544678,0.36299991607666193
9.111000061035156,9.1850004196167,8.861000061035156,8.894000053405762,8.894000053405762,15489000.0,-0.017888660205495066,9.158250093460083,8.533780069351197,-0.16199970245361506
8.923999786376953,9.178000450134276,8.920000076293945,9.125,9.125,14974000.0,0.02597255961402678,9.164400100708008,8.577720069885254,0.23099994659423828
9.131999969482422,9.211000442504885,9.027000427246094,9.13700008392334,9.13700008392334,10133000.0,0.001315077690229094,9.167200088500977,8.622340068817138,0.012000083923339844
9.104000091552734,9.520000457763672,9.050000190734863,9.447999954223633,9.447999954223633,14627000.0,0.03403741572110741,9.1885000705719,8.672800064086914,0.31099987030029297
9.51099967956543,9.697999954223633,9.027000427246094,9.20400047302246,9.20400047302246,19538000.0,-0.025825516763693046,9.195000076293946,8.715620069503784,-0.24399948120117365
9.12399959564209,9.220000267028809,8.680000305175781,8.704000473022461,8.704000473022461,21759000.0,-0.05432420407468819,9.177350091934205,8.746300077438354,-0.4999999999999982
8.782999992370605,8.958999633789062,8.550999641418457,8.95199966430664,8.95199966430664,20482000.0,0.028492552597261245,9.16565008163452,8.782180070877075,0.2479991912841797
8.897000312805176,8.897000312805176,8.315999984741211,8.640000343322754,8.640000343322754,27203000.0,-0.03485247237305966,9.130450105667114,8.809700078964234,-0.3119993209838867
8.586000442504883,8.800000190734863,8.564000129699707,8.6899995803833,8.6899995803833,16975000.0,0.005786948503906819,9.077300071716309,8.831380071640014,0.049999237060546875
8.71500015258789,8.791000366210938,8.479999542236328,8.600000381469727,8.600000381469727,8872000.0,-0.010356640190954391,9.01990008354187,8.850620079040528,-0.08999919891357422
,,,,,,,,,
8.562999725341797,8.946999549865723,8.557999610900879,8.810999870300293,8.810999870300293,17838000.0,0.02453482319433431,8.967400074005127,8.875180072784424,0.2109994888305664
8.663999557495117,8.782999992370605,8.581000328063965,8.621000289916992,8.621000289916992,12130000.0,-0.021563906841463254,8.9135000705719,8.894300079345703,-0.18999958038330078
8.718000411987305,8.92300033569336,8.699999809265137,8.89900016784668,8.89900016784668,10222000.0,0.03224682386971178,8.864250087738037,8.924040079116821,0.2779998779296875
8.90999984741211,9.14799976348877,8.828800201416016,9.098999977111816,9.098999977111816,12844000.0,0.022474413472624022,8.861950063705445,8.959840078353881,0.19999980926513672
9.076000213623049,9.256999969482422,9.017200469970703,9.128999710083008,9.128999710083008,12597000.0,0.003297036272849274,8.873950052261353,8.990520076751709,0.029999732971191406
9.21500015258789,9.517000198364258,9.199999809265137,9.468000411987305,9.468000411987305,17601000.0,0.037134484901984344,8.912700080871582,9.025360088348389,0.3390007019042969
9.574000358581545,9.68000030517578,9.25100040435791,9.302000045776367,9.302000045776367,17900000.0,-0.017532779783233532,8.951000070571899,9.04544008255005,-0.1660003662109375
9.383000373840332,9.388999938964844,9.170000076293944,9.241000175476074,9.241000175476074,10217000.0,-0.006557715545055354,8.985650062561035,9.06682008743286,-0.06099987030029297
9.222000122070312,9.329999923706056,8.963399887084961,9.048999786376951,9.048999786376951,15206000.0,-0.020777013900362906,9.003450059890747,9.085100078582764,-0.19200038909912287
9.128999710083008,9.390299797058104,9.01099967956543,9.317999839782717,9.317999839782717,14324000.0,0.029727048265681066,9.016550064086914,9.100400066375732,0.26900005340576527
9.37399959564209,9.449999809265137,9.130000114440918,9.1899995803833,9.1899995803833,13943000.0,-0.013736881476744123,9.031350040435791,9.110640048980713,-0.12800025939941584
9.243000030517578,9.282999992370604,9.019000053405762,9.086999893188477,9.086999893188477,9615000.0,-0.01120780107701902,9.029450035095214,9.114080047607422,-0.10299968719482422
9.045000076293944,9.12600040435791,8.932999610900879,8.942000389099121,8.942000389099121,14008000.0,-0.015956807064347545,9.019700050354004,9.106800060272217,-0.14499950408935547
8.987000465393066,9.364999771118164,8.949000358581543,9.361000061035156,9.361000061035156,14665000.0,0.04685748755354813,9.01535005569458,9.109980068206788,0.41899967193603516
9.355999946594238,9.364999771118164,9.06999969482422,9.215999603271484,9.215999603271484,11975000.0,-0.015489846898648296,9.015950012207032,9.107140064239502,-0.14500045776367188
9.295000076293944,9.5,9.28499984741211,9.392000198364258,9.392000198364258,11638000.0,0.019097287616016922,9.050349998474122,9.106500072479248,0.17600059509277344
9.470000267028809,9.550000190734863,8.86400032043457,9.04300022125244,9.04300022125244,22210000.0,-0.03715928127563295,9.05490002632141,9.097500076293946,-0.3489999771118182
8.954999923706055,9.342000007629396,8.829099655151367,9.29800033569336,9.29800033569336,14141000.0,0.028198618622349514,9.087800025939941,9.10378007888794,0.25500011444091975
9.366999626159668,9.45199966430664,9.13599967956543,9.237000465393066,9.237000465393066,24977000.0,-0.006560536469989775,9.11515007019043,9.104300079345704,-0.06099987030029297
10.392000198364258,10.57900047302246,9.859999656677246,10.407999992370604,10.407999992370604,96723000.0,0.1267727041223774,9.205550050735473,9.134720077514649,1.1709995269775373
10.449999809265137,10.45400047302246,9.729000091552734,9.835000038146973,9.835000038146973,45078000.0,-0.05505380040773045,9.256750059127807,9.152220077514649,-0.572999954223631
9.949999809265137,9.98900032043457,9.656000137329102,9.715999603271484,9.715999603271484,22855000.0,-0.012099688298314315,9.311500024795532,9.166500072479248,-0.11900043487548828
9.732000350952148,9.843999862670898,9.602999687194824,9.628000259399414,9.628000259399414,14792000.0,-0.009057158034716295,9.34795002937317,9.177440071105957,-0.08799934387207031
9.645000457763672,9.90999984741211,9.642999649047852,9.779000282287598,9.779000282287598,10776000.0,0.015683425303272935,9.381950044631958,9.192580070495605,0.1510000228881836
9.79300022125244,9.890000343322754,9.600000381469728,9.651000022888184,9.651000022888184,14674000.0,-0.013089299080117356,9.408050060272217,9.204120063781739,-0.12800025939941406
9.517999649047852,9.645000457763672,9.42099952697754,9.519000053405762,9.519000053405762,17507000.0,-0.013677335941288171,9.41060004234314,9.213360061645508,-0.13199996948242188
9.447999954223633,9.447999954223633,8.821000099182129,8.84000015258789,8.84000015258789,33966000.0,-0.07133101134661035,9.387500047683716,9.20644006729126,-0.6789999008178711
8.85099983215332,9.300000190734863,8.850000381469727,9.17099952697754,9.17099952697754,19511000.0,0.03744336749731292,9.384000015258788,9.202980060577392,0.3309993743896502
9.32900047302246,9.550000190734863,9.324999809265137,9.406000137329102,9.406000137329102,16806000.0,0.025624318228376186,9.401850032806397,9.196040058135987,0.23500061035156072
9.425999641418455,9.456899642944336,9.277000427246094,9.3149995803833,9.3149995803833,8071000.0,-0.009674734809395957,9.401700019836426,9.187380046844483,-0.09100055694580078
9.36299991607666,9.487000465393066,9.300999641418455,9.461000442504885,9.461000442504885,7500000.0,0.01567373791718163,9.415250062942505,9.179380054473876,0.1460008621215838
9.439000129699709,9.571999549865724,9.347000122070312,9.350000381469728,9.350000381469728,13984000.0,-0.011732380915708718,9.428400087356568,9.172400054931641,-0.11100006103515625
9.357000350952148,9.514800071716309,9.30210018157959,9.458000183105469,9.458000183105469,9886000.0,0.011550780452349363,9.454200077056885,9.16388006210327,0.10799980163574041
9.458000183105469,9.647000312805176,9.449999809265137,9.626999855041504,9.626999855041504,11275000.0,0.01786843610321709,9.467500066757202,9.173520050048829,0.16899967193603516
9.690999984741213,9.890999794006348,9.661999702453612,9.861000061035156,9.861000061035156,13577000.0,0.024306659345290305,9.499750089645385,9.192960052490234,0.23400020599365234
9.781999588012695,10.279999732971191,9.71399974822998,10.246000289916992,10.246000289916992,23743000.0,0.03904271640795631,9.542450094223023,9.22402006149292,0.38500022888183594
10.289999961853027,10.6899995803833,10.274999618530272,10.652999877929688,10.652999877929688,33778000.0,0.03972277732738494,9.622950077056885,9.266360054016113,0.4069995880126953
10.68299961090088,10.699999809265137,10.274999618530272,10.37399959564209,10.37399959564209,17228000.0,-0.026189832487055198,9.676750040054321,9.302880039215088,-0.27900028228759766
10.395999908447266,10.493000030517578,10.161999702453612,10.378999710083008,10.378999710083008,11124000.0,0.00048198521648479264,9.733850002288818,9.336600036621094,0.005000114440917969
10.170000076293944,10.5,10.133000373840332,10.437000274658203,10.437000274658203,11372000.0,0.005588261508365777,9.735300016403198,9.36422004699707,0.05800056457519531
10.47599983215332,10.876999855041504,10.460000038146973,10.843999862670898,10.843999862670898,15385000.0,0.03899583954222163,9.785750007629394,9.403220043182372,0.4069995880126953
10.925999641418455,11.156999588012695,10.831000328063965,11.092000007629396,11.092000007629396,16043000.0,0.022869803402728373,9.85455002784729,9.44256004333496,0.24800014495849787
11.180999755859377,11.199999809265137,10.986000061035156,11.086000442504885,11.086000442504885,10222000.0,-0.0005408911936878313,9.927450037002563,9.481540050506592,-0.005999565124511719
,,,,,,,,,
10.996999740600586,11.199999809265137,10.803000450134276,11.06700038909912,11.06700038909912,15632000.0,-0.0017138781027752348,9.99185004234314,9.513920059204102,-0.01900005340576527
11.09000015258789,11.194000244140623,10.875,11.022000312805176,11.022000312805176,11403000.0,-0.004066149336930391,10.06040005683899,9.550280055999757,-0.045000076293943536
11.04699993133545,11.352999687194824,11.013999938964844,11.345999717712402,11.345999717712402,11385000.0,0.029395699121039787,10.15175004005432,9.603120040893554,0.32399940490722656
11.32900047302246,11.48799991607666,11.239999771118164,11.361000061035156,11.361000061035156,9245000.0,0.0013220821166897156,10.277800035476684,9.651300048828125,0.015000343322753906
11.543999671936035,11.860400199890137,11.489999771118164,11.798999786376951,11.798999786376951,14288000.0,0.03855291990042353,10.409200048446655,9.714480037689208,0.4379997253417951
11.894000053405762,12.08199977874756,11.687999725341797,12.050000190734863,12.050000190734863,17705000.0,0.02127302389205199,10.541400051116943,9.78168004989624,0.25100040435791193
12.053000450134276,12.25,11.79300022125244,11.92099952697754,11.92099952697754,20060000.0,-0.010705449105014142,10.671700048446656,9.848100032806396,-0.12900066375732244
11.93299961090088,12.100000381469728,11.66100025177002,12.020000457763672,12.020000457763672,10664000.0,0.008304750835874897,10.799650049209594,9.912280044555665,0.09900093078613104
12.001999855041504,12.121000289916992,11.9375,12.026000022888184,12.026000022888184,8479000.0,0.0004991318549107948,10.933450031280518,9.980380039215088,0.005999565124511719
12.079999923706056,12.394000053405762,12.07009983062744,12.241999626159668,12.241999626159668,13739000.0,0.01796105129389569,11.072650003433228,10.047240028381347,0.21599960327148438
12.333000183105469,12.387999534606934,12.21399974822998,12.293999671936035,12.293999671936035,7852000.0,0.00424767581802965,11.205999994277954,10.111140022277832,0.05200004577636719
12.281999588012695,12.36299991607666,11.739999771118164,11.928999900817873,11.928999900817873,18284000.0,-0.02968926149814044,11.30939998626709,10.167140026092529,-0.3649997711181623
11.88599967956543,12.083800315856934,11.62600040435791,12.015000343322754,12.015000343322754,12902000.0,0.007209358975599045,11.397849988937377,10.218080024719239,0.08600044250488104
11.967000007629396,12.145999908447266,11.852999687194824,12.027000427246094,12.027000427246094,7601000.0,0.0009987585168909074,11.466550016403199,10.272580032348634,0.012000083923339844
11.984999656677246,11.98799991607666,11.35099983215332,11.446999549865724,11.446999549865724,23170000.0,-0.0482248987092766,11.520200014114382,10.316700019836425,-0.5800008773803693
11.609999656677246,11.770999908447266,11.187999725341797,11.338000297546388,11.338000297546388,18070000.0,-0.009522080598021399,11.56815004348755,10.362480030059814,-0.10899925231933594
11.494000434875488,11.869000434875488,11.40999984741211,11.739999771118164,11.739999771118164,15800000.0,0.0354559413496196,11.633300018310548,10.410920028686524,0.40199947357177557
11.751999855041504,11.767999649047852,11.51200008392334,11.645000457763672,11.645000457763672,8891000.0,-0.00809193485575721,11.673350048065187,10.460020046234131,-0.09499931335449219
11.66100025177002,11.776000022888184,11.529999732971191,11.64900016784668,11.64900016784668,8671000.0,0.00034347015249291957,11.70120005607605,10.511260051727294,0.0039997100830078125
11.699999809265137,11.967000007629396,11.673999786376951,11.899999618530272,11.899999618530272,11167000.0,0.021546866432056166,11.74190001487732,10.570420036315918,0.250999450683592
11.989999771118164,12.069000244140623,11.63259983062744,11.680999755859377,11.680999755859377,16883000.0,-0.01840335039421981,11.772599983215333,10.616820030212402,-0.21899986267089488
11.68299961090088,11.692999839782717,10.074999809265137,10.329999923706056,10.329999923706056,208959000.0,-0.11565789404932036,11.737999963760377,10.639100036621095,-1.3509998321533203
9.753000259399414,10.343000411987305,9.331000328063965,10.04300022125244,10.04300022125244,197807000.0,-0.02778312725782195,11.67284998893738,10.652120037078857,-0.28699970245361683
9.800000190734863,10.020000457763672,9.555999755859377,9.791999816894531,9.791999816894531,77797000.0,-0.024992571823980958,11.594399976730347,10.6671000289917,-0.2510004043579084
9.652000427246094,9.848999977111816,9.604000091552734,9.73799991607666,9.73799991607666,29680000.0,-0.005514695856581042,11.491349983215333,10.675900020599364,-0.053999900817871094
9.72700023651123,9.899999618530272,8.9350004196167,9.256999969482422,9.256999969482422,113732000.0,-0.0493941210453438,11.351699972152712,10.676300010681153,-0.4809999465942383
9.190999984741213,9.666999816894531,9.1899995803833,9.501999855041504,9.501999855041504,62150000.0,0.026466445540323402,11.23074998855591,10.65818000793457,0.24499988555908203
9.630000114440918,9.729999542236328,9.413000106811523,9.435999870300291,9.435999870300291,35172000.0,-0.006945904625139998,11.10154995918274,10.650200004577636,-0.06599998474121271
9.4399995803833,9.523699760437012,9.369799613952637,9.42199993133545,9.42199993133545,17605000.0,-0.0014836730772863627,10.971349954605104,10.644320011138916,-0.013999938964841974
9.449999809265137,9.721199989318848,9.333999633789062,9.697999954223633,9.697999954223633,29524000.0,0.029293146348926324,10.844149971008303,10.6457200050354,0.2760000228881836
9.699999809265137,9.75100040435791,9.539999961853027,9.621000289916992,9.621000289916992,24754000.0,-0.007939746821003624,10.71050000190735,10.642560005187988,-0.07699966430664062
9.607000350952148,9.970000267028809,9.59000015258789,9.892999649047852,9.892999649047852,24964000.0,0.028271421986747036,10.608699989318847,10.647399997711181,0.2719993591308594
9.81700038909912,9.850000381469728,9.625,9.824999809265137,9.824999809265137,19860000.0,-0.006873531001212463,10.499199962615966,10.65351999282837,-0.06799983978271484
9.859999656677246,10.25,9.854999542236328,10.210000038146973,10.210000038146973,32930000.0,0.03918577469271556,10.40834994316101,10.68091999053955,0.38500022888183594
10.309000015258787,10.413999557495115,10.140000343322754,10.291000366210938,10.291000366210938,24292000.0,0.00793343073078634,10.350549983978272,10.70332000732422,0.08100032806396484
10.288999557495115,10.748000144958496,10.288999557495115,10.640999794006348,10.640999794006348,28782000.0,0.03401024344966341,10.31569995880127,10.728020000457764,0.34999942779541016
10.725000381469728,10.852999687194824,10.07009983062744,10.298999786376951,10.298999786376951,41405000.0,-0.03213983782069341,10.243649959564209,10.747700004577636,-0.3420000076293963
10.300999641418455,10.550000190734863,10.272000312805176,10.41100025177002,10.41100025177002,15668000.0,0.010874887631439512,10.181949949264526,10.76670000076294,0.11200046539306818
10.668999671936035,10.800000190734863,10.520000457763672,10.72700023651123,10.72700023651123,23418000.0,0.030352509566742736,10.135849952697754,10.79423999786377,0.31599998474121094
10.82900047302246,10.94499969482422,10.517000198364258,10.935999870300291,10.935999870300291,32497000.0,0.019483511623099803,10.087649965286253,10.823799991607666,0.20899963378906072
10.137999534606934,10.480999946594238,9.451000213623049,9.949000358581545,9.949000358581545,129271000.0,-0.09025233389031162,10.001049995422363,10.830240001678467,-0.9869995117187464
9.973999977111816,10.050000190734863,9.5,9.619999885559082,9.619999885559082,55051000.0,-0.03306869646845301,9.965549993515015,10.825419998168945,-0.3290004730224627
9.505000114440918,10.081000328063965,9.501500129699709,9.98900032043457,9.98900032043457,26799000.0,0.03835763401924863,9.962849998474121,10.820279998779297,0.3690004348754883
10.076000213623049,10.190500259399414,9.85200023651123,9.871000289916992,9.871000289916992,19696000.0,-0.011812996969895462,9.966800022125245,10.804640007019042,-0.11800003051757812
,,,,,,,,,
,,,,,,,,,
,,,,,,,,,
,,,,,,,,,
,,,,,,,,,
,,,,,,,,,
,,,,,,,,,
,,,,,,,,,
,,,,,,,,,
,,,,,,,,,
,,,,,,,,,
,,,,,,,,,
,,,,,,,,,
,,,,,,,,,
,,,,,,,,,
,,,,,,,,,
,,,,,,,,,
,,,,,,,,,
,,,,,,,,,
,,,,,,,,,
,,,,,,,,,
,,,,,,,,,
,,,,,,,,,
,,,,,,,,,
,,,,,,,,,
,,,,,,,,,
,,,,,,,,,
,,,,,,,,,
,,,,,,,,,
,,,,,,,,,
,,,,,,,,,
,,,,,,,,,
,,,,,,,,,
,,,,,,,,,
,,,,,,,,,
,,,,,,,,,
,,,,,,,,,
,,,,,,,,,
,,,,,,,,,
,,,,,,,,,
,,,,,,,,,
,,,,,,,,,
,,,,,,,,,
,,,,,,,,,
,,,,,,,,,
,,,,,,,,,
,,,,,,,,,
,,,,,,,,,
,,,,,,,,,
,,,,,,,,,
,,,,,,,,,
,,,,,,,,,
,,,,,,,,,
,,,,,,,,,
,,,,,,,,,
,,,,,,,,,
,,,,,,,,,
,,,,,,,,,
,,,,,,,,,
,,,,,,,,,
,,,,,,,,,
,,,,,,,,,
,,,,,,,,,
,,,,,,,,,
,,,,,,,,,
,,,,,,,,,
,,,,,,,,,
,,,,,,,,,
,,,,,,,,,
,,,,,,,,,
,,,,,,,,,
,,,,,,,,,
,,,,,,,,,
,,,,,,,,,
,,,,,,,,,
,,,,,,,,,
,,,,,,,,,
,,,,,,,,,
,,,,,,,,,
,,,,,,,,,
,,,,,,,,,
,,,,,,,,,
,,,,,,,,,
,,,,,,,,,
,,,,,,,,,
,,,,,,,,,
,,,,,,,,,
,,,,,,,,,
,,,,,,,,,
,,,,,,,,,
14.972999572753906,15.015000343322754,14.73799991607666,14.8149995803833,14.8149995803833,7909000.0,-0.006771304863764427,13.844199991226196,12.531099948883057,-0.10100078582763672
14.859999656677246,14.875300407409668,14.451000213623049,14.531999588012695,14.531999588012695,11156000.0,-0.01910226124780512,13.931099987030029,12.61695993423462,-0.28299999237060547
14.560999870300291,14.812000274658203,14.387999534606934,14.625,14.625,9715000.0,0.006399698226252415,14.032049989700317,12.707459926605225,0.09300041198730469
14.774999618530272,14.899999618530272,14.619999885559082,14.741000175476074,14.741000175476074,8660000.0,0.007931635929987912,14.081300020217896,12.791299934387206,0.11600017547607422
14.720999717712402,14.814000129699709,14.53600025177002,14.722000122070312,14.722000122070312,6396000.0,-0.0012889256617316658,14.127650022506714,12.870239944458008,-0.01900005340576172
14.59000015258789,14.819000244140623,14.29300022125244,14.562000274658203,14.562000274658203,10176000.0,-0.010868078120190194,14.168100023269654,12.94157995223999,-0.15999984741210938
14.543999671936035,15.482000350952148,14.5,15.310999870300291,15.310999870300291,19044000.0,0.051435213673601377,14.219750022888183,13.026639957427978,0.7489995956420881
15.354000091552734,15.399999618530272,14.826000213623049,14.9399995803833,14.9399995803833,16502000.0,-0.024230964212640593,14.302250003814697,13.1007399559021,-0.3710002899169904
14.75100040435791,15.279999732971191,14.532999992370604,14.545000076293944,14.545000076293944,18129000.0,-0.026439057241206654,14.358599996566772,13.170179958343505,-0.39499950408935725
14.597999572753906,14.765999794006348,14.100000381469728,14.166000366210938,14.166000366210938,18567000.0,-0.02605704421416377,14.381900024414062,13.23149995803833,-0.37899971008300604
14.526000022888184,14.781999588012695,13.050000190734863,13.67199993133545,13.67199993133545,52498000.0,-0.03487225907841918,14.38415002822876,13.282679958343506,-0.4940004348754883
13.625,13.913000106811523,12.720999717712402,12.881999969482422,12.881999969482422,28333000.0,-0.05778232634732483,14.339950037002563,13.314719963073731,-0.7899999618530273
12.75,12.774999618530272,12.067999839782717,12.15999984741211,12.15999984741211,36575000.0,-0.05604720724893164,14.256900024414062,13.33407995223999,-0.7220001220703125
12.09000015258789,12.628000259399414,11.857000350952148,12.458999633789062,12.458999633789062,29666000.0,0.024588798530337685,14.19559998512268,13.35343994140625,0.2989997863769531
,,,,,,,,,
12.470999717712402,12.75,12.029999732971191,12.208000183105469,12.208000183105469,18434000.0,-0.020146035641808502,14.122249984741211,13.367999954223633,-0.25099945068359375
12.399999618530272,12.54800033569336,11.779999732971191,11.937000274658203,11.937000274658203,18240000.0,-0.022198550490054814,14.022650003433228,13.37577995300293,-0.2709999084472656
11.41100025177002,12.135000228881836,11.25,12.06700038909912,12.06700038909912,14867000.0,0.010890517839469371,13.918450021743775,13.378259963989258,0.1300001144409162
12.375,12.552000045776367,11.960000038146973,12.013999938964844,12.013999938964844,12399000.0,-0.004392181024718833,13.800750017166138,13.381159954071045,-0.05300045013427557
11.876999855041504,12.07900047302246,11.595999717712402,11.741999626159668,11.741999626159668,10899000.0,-0.02264027918986422,13.650799989700317,13.37665994644165,-0.2720003128051758
11.914999961853027,12.371000289916992,11.8100004196167,11.895000457763672,11.895000457763672,17886000.0,0.013030219423882272,13.499749994277954,13.36475996017456,0.1530008316040039
12.244999885559082,12.348999977111816,11.895000457763672,12.286999702453612,12.286999702453612,16074000.0,0.03295495835261519,13.37335000038147,13.352359962463378,0.39199924468993963
12.199000358581545,12.420000076293944,11.935999870300291,11.95300006866455,11.95300006866455,12032000.0,-0.02718317261148495,13.244400024414062,13.336819972991943,-0.3339996337890607
12.055999755859377,12.124899864196776,11.913000106811523,12.074999809265137,12.074999809265137,19978000.0,0.01020662092359692,13.11690001487732,13.329899978637695,0.12199974060058594
12.199999809265137,12.218999862670898,11.62399959564209,11.75100040435791,11.75100040435791,45783000.0,-0.026832249277438658,12.96740002632141,13.309079990386962,-0.32399940490722656
11.782999992370604,11.800000190734863,11.368000030517578,11.694000244140623,11.694000244140623,21087000.0,-0.0048506644758643525,12.816000032424927,13.290399990081788,-0.05700016021728693
11.800000190734863,12.732000350952148,11.791000366210938,12.595999717712402,12.595999717712402,27068000.0,0.07713352614506164,12.717700004577635,13.292079982757569,0.9019994735717791
12.631999969482422,12.831000328063965,12.326000213623049,12.755999565124512,12.755999565124512,17710000.0,0.012702433391382106,12.589949989318846,13.310599975585937,0.15999984741210938
12.612000465393066,12.958000183105469,12.557499885559082,12.666999816894531,12.666999816894531,13566000.0,-0.006977089312021456,12.476300001144407,13.319659976959228,-0.08899974822998047
12.649999618530272,12.760000228881836,12.528499603271484,12.678999900817873,12.678999900817873,16703000.0,0.0009473501300076848,12.382999992370605,13.326559982299806,0.01200008392334162
12.718999862670898,12.722000122070312,12.114999771118164,12.291000366210938,12.291000366210938,20395000.0,-0.0306017460085245,12.289249992370605,13.335359992980957,-0.38799953460693537
12.390000343322754,12.6850004196167,12.151000022888184,12.314000129699709,12.314000129699709,19212000.0,0.0018712686358710595,12.221350002288819,13.34253999710083,0.022999763488771308
12.300000190734863,12.333000183105469,11.854499816894531,12.001999855041504,12.001999855041504,12154000.0,-0.025337036817605907,12.177349996566772,13.326700000762939,-0.3120002746582049
12.197999954223633,12.552000045776367,12.197999954223633,12.414999961853027,12.414999961853027,13762000.0,0.03441094082650231,12.190100002288819,13.322880001068116,0.41300010681152344
12.677000045776367,12.710000038146973,12.420000076293944,12.661999702453612,12.661999702453612,17039000.0,0.019895267125213723,12.200250005722046,13.301000003814698,0.24699974060058416
12.800000190734863,13.442999839782717,12.701000213623049,13.36299991607666,13.36299991607666,38404000.0,0.05536252014657772,12.257999992370605,13.292360000610351,0.7010002136230487
12.508000373840332,12.8100004196167,11.880999565124512,12.767999649047852,12.767999649047852,73565000.0,-0.044525950068515674,12.299549961090088,13.272659988403321,-0.5950002670288086
12.6850004196167,12.973999977111816,12.248000144958496,12.480999946594238,12.480999946594238,29645000.0,-0.02247804748921778,12.320249938964844,13.236719989776612,-0.2869997024536133
12.480999946594238,13.553000450134276,12.425000190734863,13.517000198364258,13.517000198364258,33165000.0,0.08300618990489772,12.395399951934815,13.241259994506835,1.0360002517700195
13.479999542236328,13.82610034942627,13.262999534606934,13.61299991607666,13.61299991607666,19340000.0,0.007102146652629315,12.488949966430663,13.245159988403321,0.09599971771240234
13.779000282287598,13.904999732971191,13.659000396728516,13.855999946594238,13.855999946594238,13642000.0,0.017850586352432085,12.586999940872193,13.248279991149902,0.24300003051757812
13.946999549865724,14.604999542236328,13.861000061035156,14.331000328063965,14.331000328063965,23102000.0,0.03428120549224456,12.68919997215271,13.262360000610352,0.47500038146972656
14.399999618530272,14.647500038146973,14.300000190734863,14.609999656677246,14.609999656677246,15342000.0,0.019468238240629043,12.822049951553344,13.279239997863769,0.27899932861328125
14.640000343322754,14.696999549865724,14.571000099182127,14.623000144958496,14.623000144958496,11622000.0,0.0008898349477584055,12.949449968338012,13.295279998779296,0.01300048828125
14.633000373840332,14.666999816894531,14.270999908447266,14.446999549865724,14.446999549865724,11616000.0,-0.012035874536556745,13.084249925613403,13.310519981384278,-0.17600059509277166
14.529999732971191,14.82900047302246,14.222999572753906,14.263999938964844,14.263999938964844,14795000.0,-0.012666963148246335,13.212749910354614,13.322299976348877,-0.18299961090088068
14.529999732971191,14.529999732971191,13.762999534606934,14.25,14.25,11407000.0,-0.0009814875928736422,13.295449924468993,13.32871997833252,-0.01399993896484375
14.302000045776367,14.463000297546388,14.211000442504885,14.227999687194824,14.227999687194824,7133000.0,-0.0015438816003632283,13.36904993057251,13.330259971618652,-0.02200031280517578
14.222000122070312,14.661800384521484,14.1899995803833,14.609999656677246,14.609999656677246,14402000.0,0.026848466255324777,13.466199922561646,13.335099964141845,0.3819999694824219
14.526000022888184,14.770000457763672,14.472999572753906,14.706000328063965,14.706000328063965,10334000.0,0.006570887997443764,13.56754994392395,13.334399967193603,0.09600067138671875
14.873000144958496,15.097000122070312,14.342000007629396,14.451000213623049,14.451000213623049,15640000.0,-0.01733986867620907,13.675549936294555,13.325099964141845,-0.2550001144409162
14.06999969482422,14.298999786376951,13.730999946594238,13.875,13.875,27605000.0,-0.039858847492096006,13.753599929809571,13.30629997253418,-0.5760002136230487
13.800000190734863,14.125,13.75,14.083000183105469,14.083000183105469,9972000.0,0.014991004187781432,13.857649946212769,13.297319984436035,0.20800018310546875
14.048999786376951,14.368000030517578,14.024999618530272,14.30500030517578,14.30500030517578,9094000.0,0.01576369517744025,13.952149963378906,13.290919990539551,0.22200012207031072
14.30500030517578,14.465999603271484,14.267999649047852,14.36400032043457,14.36400032043457,6542000.0,0.004124432995464167,14.037249994277953,13.283379993438722,0.05900001525879084
,,,,,,,,,
14.33199977874756,14.531999588012695,14.18000030517578,14.32900047302246,14.32900047302246,8574000.0,-0.002436636496193856,14.085550022125243,13.275520000457764,-0.03499984741211115
14.399999618530272,14.68000030517578,14.369099617004396,14.583999633789062,14.583999633789062,7657000.0,0.017796018727663343,14.176350021362305,13.27595998764038,0.25499916076660334
14.611000061035156,14.998000144958496,14.552000045776367,14.809000015258787,14.809000015258787,14316000.0,0.015427892698819834,14.292750024795533,13.265919990539551,0.2250003814697248
14.949999809265137,15.165499687194824,14.753999710083008,15.079999923706056,15.079999923706056,13078000.0,0.01829967642433905,14.370900011062622,13.268719997406006,0.2709999084472692
15.192999839782717,15.78600025177002,15.175000190734863,15.690999984741213,15.690999984741213,16224000.0,0.040517245631722654,14.47480001449585,13.29163999557495,0.6110000610351562
15.711999893188477,16.200000762939453,15.684000015258787,16.106000900268555,16.106000900268555,13944000.0,0.026448340827921246,14.587300062179565,13.330440006256104,0.415000915527342
16.204999923706055,16.57699966430664,16.025999069213867,16.535999298095703,16.535999298095703,13996000.0,0.026698023953294348,14.697550010681152,13.38771999359131,0.42999839782714844
16.600000381469727,16.60099983215332,15.887999534606934,16.125999450683594,16.125999450683594,17388000.0,-0.024794379826765356,14.77335000038147,13.452599983215332,-0.4099998474121094
15.954999923706056,16.382999420166016,15.850000381469728,16.2810001373291,16.2810001373291,10569000.0,0.009611849927164462,14.85625,13.535019989013671,0.1550006866455078
16.31999969482422,16.490400314331055,16.003000259399414,16.02400016784668,16.02400016784668,10794000.0,-0.01578526916741263,14.935100030899047,13.606319999694824,-0.2569999694824219
16.033000946044922,16.589000701904297,16.01300048828125,16.52400016784668,16.52400016784668,13781000.0,0.031203194880344842,15.04810004234314,13.692639999389648,0.5
16.5,17.113000869750977,16.381000518798828,16.509000778198242,16.509000778198242,21560000.0,-0.0009077335691163313,15.161050081253052,13.78408000946045,-0.0149993896484375
16.621999740600586,16.88599967956543,16.600000381469727,16.79400062561035,16.79400062561035,11252000.0,0.017263300864851727,15.289350128173828,13.878620014190673,0.2849998474121094
16.665000915527344,16.935800552368164,16.46500015258789,16.8439998626709,16.8439998626709,8417000.0,0.00297720824091785,15.401050138473511,13.975220012664796,0.049999237060546875
16.700000762939453,17.29199981689453,16.67959976196289,17.284000396728516,17.284000396728516,12613000.0,0.026122093187184836,15.529950141906738,14.086060028076172,0.4400005340576172
16.979999542236328,17.250999450683594,16.707000732421875,17.06100082397461,17.06100082397461,10927000.0,-0.012902080978667185,15.660450172424316,14.18938003540039,-0.22299957275390625
17.367000579833984,17.51099967956543,17.22100067138672,17.225000381469727,17.225000381469727,9653000.0,0.009612540271650483,15.827950191497802,14.288140048980713,0.1639995574951172
17.347999572753906,17.38409996032715,16.434999465942383,16.45400047302246,16.45400047302246,17643000.0,-0.044760516189984556,15.946500205993653,14.378160057067872,-0.7709999084472656
16.652000427246094,16.667999267578125,16.006999969482422,16.253000259399414,16.253000259399414,12329000.0,-0.012215887191239672,16.043900203704833,14.461720066070557,-0.20100021362304688
16.0,16.0,15.104999542236328,15.321000099182127,15.321000099182127,21808000.0,-0.05734326864840189,16.091750192642213,14.533120059967041,-0.9320001602172869
15.574999809265137,15.872599601745604,15.411499977111816,15.50100040435791,15.50100040435791,18155000.0,0.011748600222605043,16.150350189208986,14.609260063171387,0.18000030517578303
15.552000045776367,15.619999885559082,14.428000450134276,14.470000267028809,14.470000267028809,32484000.0,-0.06651184507028651,16.14465022087097,14.646740074157714,-1.0310001373291016
14.31700038909912,14.782999992370604,14.039999961853027,14.654999732971191,14.654999732971191,18810000.0,0.012785035420069812,16.13695020675659,14.684720077514648,0.1849994659423828
14.781999588012695,14.994799613952637,14.53499984741211,14.58899974822998,14.58899974822998,12050000.0,-0.004503581435946535,16.112400197982787,14.723160076141358,-0.06599998474121094
14.270999908447266,14.95699977874756,14.13700008392334,14.94200038909912,14.94200038909912,8808000.0,0.024196356635893812,16.074950218200684,14.768420085906982,0.35300064086913885
14.91790008544922,15.19499969482422,14.7253999710083,15.050000190734863,15.050000190734863,10608000.0,0.0072279346020185375,16.022150182723998,14.82360008239746,0.10799980163574396
,,,,,,,,,
15.3149995803833,15.376999855041504,14.996000289916992,15.267999649047852,15.267999649047852,9149000.0,0.014485013657820067,15.958750200271606,14.882680072784424,0.21799945831298828
15.291000366210938,15.734000205993652,15.199999809265137,15.680999755859377,15.680999755859377,10738000.0,0.027050046915430892,15.936500215530396,14.95626007080078,0.4130001068115252
15.878999710083008,16.040000915527344,15.423999786376951,15.845000267028809,15.845000267028809,9970000.0,0.010458549437075915,15.91470022201538,15.024860076904297,0.16400051116943182
15.862000465393066,16.036500930786133,15.781000137329102,15.89799976348877,15.89799976348877,7765000.0,0.003344871919645609,15.908400201797486,15.089580078125,0.05299949645996094
15.748000144958496,16.19700050354004,15.626999855041504,16.097999572753906,16.097999572753906,7455000.0,0.012580186956880901,15.887100172042846,15.144280071258544,0.19999980926513672
16.257999420166016,16.81999969482422,16.211000442504883,16.75,16.75,9958000.0,0.04050195332031281,15.899150133132935,15.223920078277589,0.6520004272460938
16.77199935913086,16.811500549316406,16.374000549316406,16.618000030517578,16.618000030517578,8771000.0,-0.007880595192980455,15.890350103378296,15.306660079956055,-0.13199996948242188
16.613000869750977,16.940000534057617,16.479999542236328,16.53499984741211,16.53499984741211,12623000.0,-0.004994595195152551,15.874900102615356,15.367020072937011,-0.08300018310546875
16.17099952697754,17.030000686645508,16.104999542236328,16.899999618530273,16.899999618530273,12006000.0,0.022074374023976162,15.855700063705445,15.432760066986084,0.36499977111816406
16.924999237060547,17.148000717163086,16.703100204467773,17.04800033569336,17.04800033569336,8516000.0,0.008757439083064034,15.855050039291381,15.496600074768066,0.14800071716308594
17.0,17.209999084472656,16.81800079345703,17.174999237060547,17.174999237060547,8291000.0,0.007449489609716364,15.852549982070922,15.553480052947998,0.1269989013671875
17.200000762939453,17.52899932861328,17.1299991607666,17.174999237060547,17.174999237060547,12778000.0,0.0,15.888599920272828,15.604780044555664,0.0
17.19499969482422,17.41320037841797,16.899999618530273,17.326000213623047,17.326000213623047,8397000.0,0.008791905867260086,15.94224991798401,15.658840045928955,0.1510009765625
17.483999252319336,17.659900665283203,16.663000106811523,16.833999633789062,16.833999633789062,15415000.0,-0.02839666245918293,16.017899894714354,15.706580047607423,-0.4920005798339844
16.791000366210938,17.402999877929688,16.55699920654297,17.378000259399414,17.378000259399414,12559000.0,0.03231558972583315,16.11174988746643,15.768860054016113,0.5440006256103516
16.933000564575195,17.224000930786133,16.864999771118164,17.02899932861328,17.02899932861328,11585000.0,-0.02008291665189532,16.239699840545654,15.824440040588378,-0.3490009307861328
17.235000610351562,17.235000610351562,15.925999641418455,16.014999389648438,16.014999389648438,21020000.0,-0.059545480001344075,16.307699823379515,15.860180034637452,-1.0139999389648438
15.979999542236328,16.047000885009766,14.732999801635742,14.80799961090088,14.80799961090088,27451000.0,-0.07536683264113775,16.318649816513062,15.864140033721924,-1.2069997787475568
13.85200023651123,14.376999855041504,13.32610034942627,13.821000099182127,13.821000099182127,79206000.0,-0.0666531292310526,16.262599802017213,15.846440029144286,-0.9869995117187536
13.868000030517578,14.021900177001951,13.48900032043457,13.63599967956543,13.63599967956543,24052000.0,-0.013385458236676029,16.19189977645874,15.830140018463135,-0.18500041961669744
13.458000183105469,14.42099952697754,13.262999534606934,14.392000198364258,14.392000198364258,27249000.0,0.05544151778851614,16.14809980392456,15.84048002243042,0.7560005187988281
14.5,14.54699993133545,14.083000183105469,14.187000274658203,14.187000274658203,16174000.0,-0.014244018960571925,16.073399829864503,15.842560024261475,-0.2049999237060547
14.190999984741213,14.241000175476074,13.800000190734863,14.20400047302246,14.20400047302246,11964000.0,0.0011982940745143278,15.991349840164185,15.840540027618408,0.017000198364256036
14.3149995803833,14.663900375366213,14.116999626159668,14.16800022125244,14.16800022125244,10130000.0,-0.002534514965582768,15.904849863052368,15.836620025634765,-0.03600025177001953
14.267000198364258,14.413999557495115,14.085000038146973,14.270000457763672,14.270000457763672,8175000.0,0.007199338997625704,15.813449907302857,15.83544002532959,0.10200023651123225
14.220999717712402,14.71399974822998,14.220000267028809,14.644000053405762,14.644000053405762,8752000.0,0.02620880053571506,15.708149909973145,15.836640033721924,0.37399959564208984
14.508999824523926,15.118000030517578,14.414999961853027,14.92199993133545,14.92199993133545,13216000.0,0.018983875779557513,15.623349905014038,15.838900032043457,0.2779998779296875
14.9350004196167,15.10099983215332,14.241000175476074,14.286999702453612,14.286999702453612,12800000.0,-0.04255463287788719,15.510949897766114,15.823040027618408,-0.6350002288818377
14.420000076293944,14.574000358581545,14.154999732971191,14.437999725341797,14.437999725341797,12284000.0,0.01056905060775315,15.387849903106689,15.79798002243042,0.15100002288818537
14.258000373840332,14.456000328063965,13.711000442504885,13.892000198364258,13.892000198364258,18203000.0,-0.037816840100030835,15.230049896240235,15.753700008392334,-0.5459995269775391
14.07800006866455,14.211000442504885,13.885000228881836,13.916000366210938,13.916000366210938,9210000.0,0.0017276250722704223,15.067099952697754,15.70130002975464,0.024000167846679688
13.892000198364258,14.02400016784668,13.57900047302246,13.718999862670898,13.718999862670898,12589000.0,-0.014156402583774708,14.894299983978271,15.653160037994384,-0.19700050354003906
13.800000190734863,13.833399772644045,13.28499984741211,13.597000122070312,13.597000122070312,15171000.0,-0.008892757622408376,14.707849979400635,15.59948003768921,-0.12199974060058594
13.51200008392334,13.777999877929688,13.326000213623049,13.343999862670898,13.343999862670898,14254000.0,-0.018607064582484623,14.533349990844727,15.545880031585693,-0.25300025939941406
13.234000205993652,13.850000381469728,13.234000205993652,13.762999534606934,13.762999534606934,12652000.0,0.03139985583394411,14.352599954605102,15.490660018920899,0.41899967193603516
13.803999900817873,14.090999603271484,13.704999923706056,13.74899959564209,13.74899959564209,10420000.0,-0.0010172156825001277,14.188599967956543,15.435459995269776,-0.01399993896484375
13.960000038146973,14.149999618530272,13.847100257873535,14.05799961090088,14.05799961090088,12131000.0,0.022474363542546838,14.090749979019165,15.380739974975587,0.30900001525879084
14.1850004196167,14.475000381469728,13.899999618530272,14.404000282287598,14.404000282287598,13864000.0,0.02461236882653073,14.070550012588502,15.33193998336792,0.346000671386717
14.5600004196167,14.604999542236328,14.274999618530272,14.5,14.5,12895000.0,0.006664795600598072,14.104500007629394,15.27625997543335,0.09599971771240234
14.538999557495115,14.649999618530272,14.376999855041504,14.515000343322754,14.515000343322754,9367000.0,0.001034506436051963,14.148450040817261,15.225339965820313,0.015000343322753906
14.460000038146973,14.64840030670166,14.328100204467772,14.480999946594238,14.480999946594238,8123000.0,-0.0023424316861389016,14.15290002822876,15.170459957122803,-0.034000396728515625
14.388999938964844,14.62600040435791,14.33899974822998,14.56700038909912,14.56700038909912,6691000.0,0.005938846959605559,14.171900033950806,15.132719955444337,0.08600044250488104
,,,,,,,,,
14.609999656677246,14.692999839782717,14.361000061035156,14.633999824523926,14.633999824523926,9121000.0,0.004599398203829486,14.193400001525879,15.100339946746827,0.06699943542480646
14.366999626159668,14.412500381469728,13.649999618530272,13.996999740600586,13.996999740600586,23623000.0,-0.04352877487779139,14.184849977493286,15.073859939575195,-0.6370000839233398
13.970999717712402,14.045499801635742,13.234999656677246,13.413000106811523,13.413000106811523,18254000.0,-0.04172320101536309,14.141999959945679,15.032099933624268,-0.5839996337890625
13.126999855041504,14.118000030517578,13.0600004196167,14.064000129699709,14.064000129699709,20395000.0,0.04853500467487426,14.112999963760377,15.023979930877685,0.6510000228881854
14.133999824523926,14.255000114440918,13.904999732971191,14.213000297546388,14.213000297546388,10623000.0,0.01059443732029175,14.077549982070924,15.01513994216919,0.1490001678466797
14.149999618530272,14.803000450134276,14.03909969329834,14.776000022888184,14.776000022888184,13205000.0,0.039611603008197216,14.101999998092651,15.018879947662354,0.5629997253417951
14.776000022888184,15.376999855041504,14.621999740600586,15.312999725341797,15.312999725341797,17112000.0,0.03634269772751719,14.14574999809265,15.026299934387207,0.5369997024536133
15.399999618530272,15.850000381469728,15.395000457763672,15.550000190734863,15.550000190734863,12598000.0,0.015477076317114369,14.228649997711182,15.036299934387207,0.2370004653930664
15.699000358581545,15.88949966430664,15.356300354003906,15.47700023651123,15.47700023651123,12470000.0,-0.0046945307606574005,14.306699991226196,15.040479946136475,-0.07299995422363281
15.791999816894531,15.942999839782717,15.345000267028809,15.36299991607666,15.36299991607666,16542000.0,-0.007365789151158375,14.388899993896484,15.03411994934082,-0.11400032043457031
15.449999809265137,16.420000076293945,15.449999809265137,16.22800064086914,16.22800064086914,17066000.0,0.056304154756083635,14.520450019836426,15.041779956817628,0.8650007247924805
16.399999618530273,16.649999618530273,16.151500701904297,16.459999084472656,16.459999084472656,16378000.0,0.014296181565290444,14.676249980926514,15.053019943237304,0.23199844360351562
16.538000106811523,16.895000457763672,16.450000762939453,16.716999053955078,16.716999053955078,13783000.0,0.015613607762886117,14.823949956893921,15.065399932861329,0.2569999694824219
16.670000076293945,16.81599998474121,16.06100082397461,16.152000427246094,16.152000427246094,21464000.0,-0.03379785001395397,14.94409999847412,15.05343994140625,-0.5649986267089844
15.956000328063965,16.533000946044922,15.739999771118164,16.218000411987305,16.218000411987305,8926000.0,0.004086180225074676,15.052100038528442,15.045439949035645,0.06599998474121094
16.336999893188477,16.513999938964844,15.899999618530272,16.111000061035156,16.111000061035156,15798000.0,-0.006597629068566313,15.137450027465821,15.036959953308106,-0.10700035095214844
16.25200080871582,16.479999542236328,15.98799991607666,16.200000762939453,16.200000762939453,8605000.0,0.005524219574646327,15.222450065612794,15.022959976196288,0.08900070190429688
16.22599983215332,16.47100067138672,16.20199966430664,16.44499969482422,16.44499969482422,6043000.0,0.01512339014484776,15.318950033187866,15.010899963378906,0.24499893188476562
16.41900062561035,16.77899932861328,16.305999755859375,16.445999145507812,16.445999145507812,7894000.0,6.077535434112491e-05,15.417199993133545,14.99631996154785,0.00099945068359375
16.643999099731445,16.68600082397461,16.250999450683594,16.341999053955078,16.341999053955078,8684000.0,-0.006323732029448692,15.505949926376342,14.979659957885742,-0.10400009155273438
16.246000289916992,16.399999618530273,15.597000122070312,15.65999984741211,15.65999984741211,15665000.0,-0.04173291188496986,15.557249927520752,14.946339950561523,-0.6819992065429688
15.75100040435791,16.236000061035156,15.718999862670898,16.020000457763672,16.020000457763672,9095000.0,0.022988544946317857,15.658399963378907,14.930059967041016,0.3600006103515625
15.947999954223633,16.019899368286133,14.779999732971191,14.890999794006348,14.890999794006348,19299000.0,-0.07047444641052947,15.732299947738648,14.880319957733155,-1.1290006637573242
14.909000396728516,15.140999794006348,14.107000350952148,14.5600004196167,14.5600004196167,16913000.0,-0.022228149819925158,15.757099962234497,14.830939979553223,-0.33099937438964844
14.321999549865724,14.553199768066406,13.809000015258787,14.048999786376951,14.048999786376951,12420000.0,-0.035096196326428464,15.748899936676025,14.791619987487794,-0.5110006332397479
14.039999961853027,14.317999839782717,13.875499725341797,14.022000312805176,14.022000312805176,10555000.0,-0.0019218075295265313,15.711199951171874,14.775900001525878,-0.026999473571775567
13.96399974822998,13.995100021362305,12.800999641418455,13.010000228881836,13.010000228881836,26863000.0,-0.07217230504546213,15.596049976348876,14.759680004119874,-1.0120000839233398
12.668999671936035,13.39799976348877,12.66800022125244,12.83899974822998,12.83899974822998,20703000.0,-0.013143772301574486,15.460499954223632,14.743740005493164,-0.17100048065185547
13.515999794006348,13.696999549865724,13.024999618530272,13.520000457763672,13.520000457763672,20346000.0,0.05304157044068614,15.362649965286256,14.726300010681152,0.6810007095336914
13.49899959564209,13.699999809265137,13.208999633789062,13.56999969482422,13.56999969482422,11142000.0,0.0036981682964247753,15.272999954223632,14.713959999084473,0.04999923706054865
13.868000030517578,14.607000350952148,13.840999603271484,14.583000183105469,14.583000183105469,13911000.0,0.07465000081522621,15.19074993133545,14.721539993286132,1.0130004882812482
14.600000381469728,14.649999618530272,13.38700008392334,13.737000465393066,13.737000465393066,31490000.0,-0.058012734491527995,15.05460000038147,14.712919998168946,-0.8459997177124023
13.678000450134276,14.013999938964844,13.355999946594238,13.477999687194824,13.477999687194824,15930000.0,-0.01885424542648373,14.892650032043457,14.697079982757568,-0.2590007781982422
13.567999839782717,13.738100051879885,12.619999885559082,12.70699977874756,12.70699977874756,22296000.0,-0.057204327521967135,14.72039999961853,14.658339977264404,-0.7709999084472638
12.83899974822998,13.559000015258787,12.56429958343506,13.437000274658203,13.437000274658203,23562000.0,0.05744869037706035,14.581349992752076,14.62863998413086,0.7300004959106428
12.833999633789062,13.31999969482422,12.67099952697754,13.215999603271484,13.215999603271484,23669000.0,-0.016447173243236413,14.436599969863892,14.607219982147218,-0.22100067138671875
13.31149959564209,13.460000038146973,12.204999923706056,12.22700023651123,12.22700023651123,23152000.0,-0.07483348944074097,14.23794994354248,14.562999992370605,-0.9889993667602539
13.13599967956543,13.833999633789062,12.850000381469728,13.699000358581545,13.699000358581545,44847000.0,0.12038931001855646,14.100649976730347,14.55913999557495,1.4720001220703143
12.961000442504885,13.833999633789062,12.845000267028809,13.295000076293944,13.295000076293944,28309000.0,-0.02949122357198286,13.943100023269654,14.546719989776612,-0.4040002822876012
13.68299961090088,13.767999649047852,12.508000373840332,12.850000381469728,12.850000381469728,21561000.0,-0.033471206639380635,13.768500089645386,14.529340000152589,-0.4449996948242152
12.53499984741211,13.236000061035156,12.279999732971191,12.913999557495115,12.913999557495115,30291000.0,0.004980480476691307,13.631200075149536,14.515679988861084,0.06399917602538707
13.25,13.864999771118164,13.053000450134276,13.8149995803833,13.8149995803833,21188000.0,0.06976924684539387,13.520950031280517,14.525099983215332,0.9010000228881854
13.876999855041504,14.508999824523926,13.56700038909912,14.4350004196167,14.4350004196167,17965000.0,0.04487881708760755,13.498150062561034,14.538540000915527,0.6200008392333984
14.4350004196167,14.892000198364258,14.22599983215332,14.55500030517578,14.55500030517578,19476000.0,0.00831311964466619,13.49790005683899,14.5546600151062,0.11999988555908025
,,,,,,,,,
,,,,,,,,,
,,,,,,,,,
,,,,,,,,,
,,,,,,,,,
,,,,,,,,,
,,,,,,,,,
,,,,,,,,,
,,,,,,,,,
,,,,,,,,,
,,,,,,,,,
,,,,,,,,,
,,,,,,,,,
,,,,,,,,,
,,,,,,,,,
,,,,,,,,,
,,,,,,,,,
,,,,,,,,,
,,,,,,,,,
,,,,,,,,,
,,,,,,,,,
,,,,,,,,,
,,,,,,,,,
,,,,,,,,,
,,,,,,,,,
,,,,,,,,,
,,,,,,,,,
,,,,,,,,,
,,,,,,,,,
,,,,,,,,,
,,,,,,,,,
,,,,,,,,,
,,,,,,,,,
,,,,,,,,,
,,,,,,,,,
,,,,,,,,,
,,,,,,,,,
,,,,,,,,,
,,,,,,,,,
,,,,,,,,,
,,,,,,,,,
,,,,,,,,,
,,,,,,,,,
,,,,,,,,,
,,,,,,,,,
,,,,,,,,,
,,,,,,,,,
,,,,,,,,,
,,,,,,,,,
,,,,,,,,,
,,,,,,,,,
,,,,,,,,,
,,,,,,,,,
,,,,,,,,,
,,,,,,,,,
,,,,,,,,,
,,,,,,,,,
,,,,,,,,,
,,,,,,,,,
,,,,,,,,,
,,,,,,,,,
,,,,,,,,,
,,,,,,,,,
,,,,,,,,,
,,,,,,,,,
,,,,,,,,,
,,,,,,,,,
,,,,,,,,,
,,,,,,,,,
,,,,,,,,,
,,,,,,,,,
,,,,,,,,,
,,,,,,,,,
,,,,,,,,,
,,,,,,,,,
,,,,,,,,,
,,,,,,,,,
,,,,,,,,,
,,,,,,,,,
,,,,,,,,,
,,,,,,,,,
,,,,,,,,,
,,,,,,,,,
,,,,,,,,,
,,,,,,,,,
,,,,,,,,,
,,,,,,,,,
,,,,,,,,,
,,,,,,,,,
,,,,,,,,,
19.099000930786133,20.073999404907227,19.099000930786133,20.03899955749512,20.03899955749512,20585000.0,0.05601811418340308,18.394449996948243,16.64638000488281,1.0629997253418004
20.100000381469727,20.378999710083008,19.70499992370605,20.246999740600582,20.246999740600582,13287000.0,0.010379768835698355,18.54095001220703,16.78652000427246,0.20800018310546164
20.350000381469727,20.69499969482422,20.23600006103516,20.551000595092773,20.551000595092773,11775000.0,0.015014612455522824,18.69075002670288,16.93062002182007,0.30400085449219105
20.43199920654297,20.958999633789062,20.339000701904297,20.822999954223636,20.822999954223636,12190000.0,0.013235334108053776,18.871800041198732,17.070180015563963,0.2719993591308629
20.886999130249023,20.94099998474121,20.36199951171875,20.597999572753903,20.597999572753903,23373000.0,-0.010805377801679117,19.019099998474122,17.206940002441407,-0.22500038146973367
20.450000762939453,20.59199905395508,20.145000457763672,20.57699966430664,20.57699966430664,12488000.0,-0.0010195120343161612,19.15699996948242,17.358899993896486,-0.020999908447262072
20.770000457763672,20.799999237060547,19.765300750732425,20.208999633789062,20.208999633789062,22154000.0,-0.01788404706814084,19.260949993133544,17.486959991455077,-0.3680000305175781
20.05299949645996,20.309999465942383,19.87299919128418,20.13400077819824,20.13400077819824,14016000.0,-0.0037111612128205573,19.37160005569458,17.600860004425048,-0.07499885559082387
20.03199958801269,20.520000457763672,19.881500244140625,20.5,20.5,17210000.0,0.01817816666611427,19.504250049591064,17.71998001098633,0.36599922180176137
20.440000534057617,20.4689998626709,19.86100006103516,19.875,19.875,15301000.0,-0.030487804878048808,19.579850006103516,17.820240001678467,-0.625
19.80500030517578,20.274999618530277,19.64699935913086,20.145000457763672,20.145000457763672,12575000.0,0.013584928692511822,19.6496000289917,17.926600017547607,0.2700004577636719
20.363000869750977,20.74099922180176,20.27300071716309,20.437000274658203,20.437000274658203,11659000.0,0.014494902470056692,19.74630002975464,18.036480026245115,0.29199981689453125
20.56599998474121,20.57200050354004,19.660999298095703,20.007999420166016,20.007999420166016,10204000.0,-0.020991380766586687,19.800699996948243,18.138440017700194,-0.4290008544921875
20.08300018310547,20.375,19.700000762939453,20.34499931335449,20.34499931335449,11140000.0,0.0168432578446005,19.872199916839598,18.23673999786377,0.336999893188473
20.58799934387207,20.75,20.319000244140625,20.66200065612793,20.66200065612793,8101000.0,0.01558129041397227,19.94769992828369,18.333480014801026,0.31700134277344105
20.843000411987305,21.01000022888184,20.312000274658203,20.60400009155273,20.60400009155273,11032000.0,-0.0028071127060969037,20.045549964904787,18.430180015563966,-0.058000564575198865
20.559999465942383,20.604999542236328,19.84499931335449,20.145999908447266,20.145999908447266,24549000.0,-0.022228702245698284,20.115349960327148,18.516240005493163,-0.4580001831054652
20.197999954223636,20.57999992370605,19.888999938964844,20.511999130249023,20.511999130249023,20110000.0,0.018167339594213683,20.204099941253663,18.613919982910158,0.3659992218017578
20.45400047302246,20.500999450683597,19.038000106811523,19.475000381469727,19.475000381469727,47621000.0,-0.050555713375106226,20.243149948120116,18.69021999359131,-1.0369987487792969
19.55900001525879,19.802000045776367,19.48900032043457,19.665000915527344,19.665000915527344,14899000.0,0.00975612479260346,20.277600002288818,18.766700019836424,0.1900005340576172
19.665000915527344,20.089000701904297,19.53199958801269,20.02400016784668,20.02400016784668,12913000.0,0.01825574551770659,20.276850032806397,18.841540031433105,0.35899925231933594
19.826000213623047,20.42200088500977,19.734100341796875,20.395999908447266,20.395999908447266,12482000.0,0.018577693641748994,20.28430004119873,18.930580024719237,0.37199974060058594
20.43600082397461,20.74399948120117,20.250999450683597,20.649999618530277,20.649999618530277,8803000.0,0.012453408081150918,20.289249992370607,19.029360008239745,0.25399971008301137
20.757999420166016,21.15399932861328,20.631000518798828,21.099000930786133,21.099000930786133,13347000.0,0.021743405353525702,20.30305004119873,19.12648002624512,0.4490013122558558
21.28199958801269,21.493000030517575,21.211000442504883,21.482999801635746,21.482999801635746,11970000.0,0.018199860368237175,20.347300052642822,19.219200019836425,0.3839988708496129
21.482999801635746,21.989999771118164,21.36199951171875,21.80299949645996,21.80299949645996,17595000.0,0.014895484698549843,20.408600044250488,19.31408000946045,0.3199996948242152
21.97800064086914,22.18199920654297,21.36100006103516,21.540000915527344,21.540000915527344,13382000.0,-0.012062495390843808,20.475150108337402,19.39778003692627,-0.2629985809326172
21.68000030517578,21.83300018310547,21.131000518798828,21.70499992370605,21.70499992370605,10640000.0,0.007660120759779732,20.553700065612794,19.48474002838135,0.16499900817870738
21.71299934387207,22.077999114990234,21.3129997253418,22.07200050354004,22.07200050354004,12877000.0,0.016908573191615206,20.632300090789794,19.578980026245116,0.3670005798339879
,,,,,,,,,
22.0,22.599000930786133,21.91699981689453,22.429000854492188,22.429000854492188,13165000.0,0.016174354059791396,20.760000133514403,19.683960037231444,0.35700035095214844
22.649999618530277,22.73900032043457,22.209999084472656,22.3439998626709,22.3439998626709,18813000.0,-0.003789780577954982,20.869950103759766,19.778940048217773,-0.08500099182128906
22.459999084472656,22.459999084472656,21.86240005493164,21.981000900268555,21.981000900268555,20231000.0,-0.01624592573547179,20.947150135040282,19.872220077514648,-0.36299896240234375
22.069000244140625,22.2189998626709,21.66200065612793,21.89699935913086,21.89699935913086,16673000.0,-0.003821552144910201,21.041600131988524,19.95906005859375,-0.08400154113769531
21.899999618530277,22.51799964904785,21.899999618530277,22.22800064086914,22.22800064086914,13886000.0,0.015116284944323155,21.135750198364256,20.059580078125,0.33100128173828125
22.53300094604492,22.874000549316406,22.35300064086914,22.57900047302246,22.57900047302246,19403000.0,0.015790886361050305,21.231600189208983,20.15812007904053,0.3509998321533203
22.643999099731445,24.75,22.643999099731445,24.35300064086914,24.35300064086914,62234000.0,0.07856858721298443,21.419050216674805,20.288800086975098,1.7740001678466797
24.28499984741211,25.230199813842773,23.73900032043457,24.516000747680664,24.516000747680664,31843000.0,0.006693224757608585,21.637550258636473,20.41652011871338,0.16300010681152344
24.58799934387207,26.082000732421875,24.549999237060547,25.554000854492188,25.554000854492188,40542000.0,0.0423396995902654,21.889650344848633,20.569180145263672,1.0380001068115234
25.899999618530277,26.63999938964844,25.47900009155273,26.402999877929688,26.402999877929688,33499000.0,0.03322372211975,22.23605031967163,20.74030014038086,0.8489990234375
25.71999931335449,26.67200088500977,25.511999130249023,26.552000045776367,26.552000045776367,29169000.0,0.00564330449326067,22.580400276184083,20.904080123901366,0.1490001678466797
26.43600082397461,26.649999618530277,25.46999931335449,25.86899948120117,25.86899948120117,25894000.0,-0.02572313058894571,22.872650241851808,21.04646011352539,-0.6830005645751989
25.8700008392334,26.46199989318848,25.750999450683597,26.150999069213867,26.150999069213867,18475000.0,0.010901062803670758,23.160400199890137,21.19942008972168,0.28199958801269887
25.88800048828125,26.13599967956543,25.41200065612793,26.062000274658203,26.062000274658203,18310000.0,-0.003403265562440305,23.431000232696533,21.342260093688964,-0.08899879455566406
26.042999267578125,26.298999786376957,25.263999938964844,25.882999420166016,25.882999420166016,16749000.0,-0.006868269994849241,23.670200157165528,21.481620063781737,-0.1790008544921875
24.791000366210938,25.306299209594727,24.562000274658203,25.07900047302246,25.07900047302246,19388000.0,-0.031062819810486975,23.850000190734864,21.600160064697267,-0.8039989471435547
24.5,25.402000427246094,24.222999572753903,25.315000534057617,25.315000534057617,20971000.0,0.009410265823353692,24.025600242614747,21.7335200881958,0.23600006103515625
25.06100082397461,26.54199981689453,25.003999710083008,26.416000366210938,26.416000366210938,19316000.0,0.043491993242191995,24.269400215148927,21.886840095520018,1.1009998321533203
26.535999298095703,27.947999954223636,26.51000022888184,27.801000595092773,27.801000595092773,29757000.0,0.052430353182967515,24.574200248718263,22.0681201171875,1.385000228881836
27.667999267578125,27.944000244140625,27.15800094604492,27.350000381469727,27.350000381469727,16672000.0,-0.016222445378554218,24.838100242614747,22.241240119934083,-0.4510002136230469
27.00300025939941,27.299999237060547,26.474000930786133,26.7189998626709,26.7189998626709,18561000.0,-0.023071316636117722,25.052600193023682,22.396100120544432,-0.6310005187988281
27.20400047302246,27.35980033874512,26.951000213623047,27.2810001373291,27.2810001373291,11104000.0,0.02103373170952305,25.299450206756593,22.540940132141113,0.5620002746582031
27.17099952697754,28.09499931335449,27.138999938964844,27.899999618530277,27.899999618530277,12520000.0,0.02268976496775088,25.59540014266968,22.694000129699706,0.6189994812011754
27.5,27.79800033569336,26.799999237060547,27.16200065612793,27.16200065612793,15303000.0,-0.026451576075011585,25.85865020751953,22.82622013092041,-0.7379989624023473
27.450000762939453,27.88800048828125,27.25149917602539,27.584999084472656,27.584999084472656,11634000.0,0.015573169064381664,26.126500129699707,22.96146011352539,0.42299842834472656
,,,,,,,,,
27.834999084472656,28.59600067138672,27.82999992370605,28.243000030517575,28.243000030517575,15389000.0,0.023853578679844833,26.409700107574462,23.114360122680665,0.6580009460449183
28.0,28.030000686645508,27.052000045776367,27.26799964904785,27.26799964904785,16738000.0,-0.03452184188705876,26.5554500579834,23.248180122375487,-0.975000381469723
27.51000022888184,27.78199958801269,27.07999992370605,27.70499992370605,27.70499992370605,12909000.0,0.01602612147141702,26.714900016784668,23.398100128173827,0.4370002746581996
27.336000442504883,27.89699935913086,27.215999603271484,27.489999771118164,27.489999771118164,10878000.0,-0.007760337598987643,26.811699962615968,23.545220108032225,-0.21500015258788707
27.42799949645996,27.750999450683597,26.21699905395508,26.5,26.5,25358000.0,-0.03601308764499478,26.81654996871948,23.665220108032226,-0.9899997711181641
26.847000122070312,27.40999984741211,26.410999298095703,27.399999618530277,27.399999618530277,16030000.0,0.0339622497558596,26.85894994735718,23.81572010040283,0.899999618530277
27.722000122070312,29.285999298095703,27.71199989318848,29.25200080871582,29.25200080871582,23421000.0,0.06759128525436386,27.02810001373291,23.997860107421875,1.8520011901855433
29.18400001525879,29.910999298095703,28.900999069213867,29.70599937438965,29.70599937438965,18673000.0,0.015520256841321967,27.205850028991698,24.183240089416504,0.4539985656738281
29.86599922180176,30.937000274658203,29.84000015258789,30.5049991607666,30.5049991607666,23447000.0,0.026896916555710693,27.42799997329712,24.393180084228515,0.7989997863769531
30.915000915527344,31.559999465942383,30.444000244140625,30.67300033569336,30.67300033569336,17161000.0,0.005507332553637001,27.667500019073486,24.59974010467529,0.1680011749267578
30.959999084472656,31.150999069213867,29.85700035095215,30.67099952697754,30.67099952697754,18478000.0,-6.523029028537852e-05,27.94709997177124,24.799920082092285,-0.0020008087158203125
30.447999954223636,31.270000457763672,30.200000762939453,31.013999938964844,31.013999938964844,11246000.0,0.01118321597852101,28.2320499420166,25.008120079040527,0.3430004119873047
31.291000366210938,31.409500122070312,30.56399917602539,30.698999404907227,30.698999404907227,10434000.0,-0.010156720664136643,28.446199893951416,25.219180068969727,-0.3150005340576172
30.541000366210938,30.642000198364254,30.194000244140625,30.51099967956543,30.51099967956543,7510000.0,-0.006123969151637709,28.58169984817505,25.419160079956054,-0.18799972534179688
30.44499969482422,30.788000106811523,30.30500030517578,30.584999084472656,30.584999084472656,7035000.0,0.0024253353113430354,28.743449783325197,25.641360054016115,0.07399940490722656
31.0,31.13800048828125,30.374000549316406,30.42099952697754,30.42099952697754,11049000.0,-0.005362091299795924,28.928549766540527,25.856480026245116,-0.1639995574951172
30.551000595092773,32.76900100708008,30.239999771118164,32.70199966430664,32.70199966430664,29802000.0,0.07498110426339855,29.199599742889404,26.110040016174317,2.2810001373291016
33.150001525878906,33.89400100708008,32.599998474121094,32.80099868774414,32.80099868774414,31088000.0,0.0030273079461118346,29.444649696350098,26.358139991760254,0.0989990234375
32.79999923706055,33.137001037597656,32.40999984741211,32.685001373291016,32.685001373291016,14460000.0,-0.0035363958139623675,29.720799732208253,26.59884002685547,-0.115997314453125
32.33399963378906,32.448001861572266,31.104999542236328,31.183000564575195,31.183000564575195,21796000.0,-0.045953824249895914,29.900699806213378,26.80052001953125,-1.5020008087158203
30.698999404907227,30.96299934387207,28.174999237060547,28.40399932861328,28.40399932861328,49530000.0,-0.08911910931108213,29.908749771118163,26.9389400100708,-2.779001235961914
28.902000427246094,29.552000045776367,28.16900062561035,28.902999877929688,28.902999877929688,23340000.0,0.017567967930971262,29.990499782562257,27.080940017700197,0.49900054931640625
29.049999237060547,30.24399948120117,28.950000762939453,30.09600067138672,30.09600067138672,18145000.0,0.04127601973828354,30.11004981994629,27.25206001281738,1.1930007934570312
30.32999992370605,30.429000854492188,29.233999252319336,30.01499938964844,30.01499938964844,15009000.0,-0.00269143008809436,30.236299800872803,27.41826000213623,-0.0810012817382777
30.86000061035156,30.87700080871582,30.03300094604492,30.468000411987305,30.468000411987305,13440000.0,0.0150924881409491,30.43469982147217,27.586180000305177,0.45300102233886363
30.53899955749512,31.465999603271484,30.5,31.19599914550781,31.19599914550781,12988000.0,0.023893879600778822,30.624499797821045,27.761519966125487,0.7279987335205043
31.089000701904297,31.833999633789062,31.027999877929688,31.33300018310547,31.33300018310547,9664000.0,0.0043916220461042155,30.728549766540528,27.94129997253418,0.1370010375976598
,,,,,,,,,
31.10099983215332,31.39299964904785,30.340999603271484,31.371999740600582,31.371999740600582,13183000.0,0.00124467996257005,30.811849784851074,28.12911994934082,0.038999557495113635
31.444000244140625,32.97999954223633,31.29599952697754,32.099998474121094,32.099998474121094,25487000.0,0.02320536591674016,30.8915997505188,28.333179931640625,0.7279987335205114
32.24100112915039,32.44300079345703,31.950000762939453,32.198001861572266,32.198001861572266,17407000.0,0.0030530651747595616,30.967849826812746,28.532579956054686,0.09800338745117188
32.452999114990234,32.69900131225586,31.85099983215332,31.900999069213867,31.900999069213867,12757000.0,-0.009224261605900064,31.02934980392456,28.719019927978515,-0.29700279235839844
31.899999618530277,31.978900909423828,31.423999786376957,31.5,31.5,12383000.0,-0.0125701100565484,31.053649806976317,28.861959915161133,-0.4009990692138672
31.5,31.577800750732425,30.256999969482425,31.00200080871582,31.00200080871582,20248000.0,-0.01580949813600574,31.068799877166747,28.991679916381838,-0.4979991912841797
30.99399948120117,32.42900085449219,30.60169982910156,32.402000427246094,32.402000427246094,18413000.0,0.04515836339623225,31.163349914550782,29.128639907836913,1.3999996185302734
32.36600112915039,32.47999954223633,31.58699989318848,31.73900032043457,31.73900032043457,13369000.0,-0.0204617029217129,31.221049976348876,29.235359916687013,-0.6630001068115234
31.93199920654297,33.69499969482422,31.90329933166504,32.53200149536133,32.53200149536133,37482000.0,0.024985070951216937,31.326600074768066,29.35495994567871,0.7930011749267578
32.57500076293945,33.32600021362305,32.26100158691406,33.1150016784668,33.1150016784668,16785000.0,0.017920821231629303,31.347250175476074,29.499879989624024,0.5830001831054688
33.314998626708984,33.900001525878906,32.96799850463867,33.0,33.0,14789000.0,-0.0034727969994812202,31.35720024108887,29.636860008239747,-0.11500167846679688
33.19200134277344,34.08359909057617,33.1510009765625,33.52399826049805,33.52399826049805,18709000.0,0.015878735166607427,31.399150085449218,29.78609996795654,0.5239982604980469
33.70000076293945,33.895999908447266,32.86000061035156,33.02199935913086,33.02199935913086,16641000.0,-0.014974314742126182,31.491100025177,29.92887996673584,-0.5019989013671875
33.05099868774414,33.18259811401367,32.4109992980957,32.957000732421875,32.957000732421875,18889000.0,-0.0019683431642673055,31.718750095367433,30.086439971923827,-0.06499862670898438
33.090999603271484,33.874000549316406,32.774600982666016,33.33399963378906,33.33399963378906,14984000.0,0.011439114391143868,31.940300083160402,30.246819953918457,0.3769989013671875
33.29399871826172,33.89699935913086,33.23199844360352,33.65399932861328,33.65399932861328,11202000.0,0.009599798954214034,32.11820001602173,30.391579933166504,0.31999969482421875
33.6349983215332,33.702999114990234,31.353099822998047,31.97100067138672,31.97100067138672,22234000.0,-0.0500088753432536,32.21600008010864,30.47497993469238,-1.6829986572265625
31.399999618530277,32.23400115966797,31.035999298095703,31.43000030517578,31.43000030517578,17761000.0,-0.01692159628569645,32.264100074768066,30.556579933166503,-0.5410003662109375
31.650999069213867,32.097999572753906,31.035999298095703,31.788000106811523,31.788000106811523,18363000.0,0.011390384923947616,32.29370012283325,30.657959938049316,0.3579998016357422
33.4010009765625,35.07899856567383,32.80099868774414,34.138999938964844,34.138999938964844,46128000.0,0.07395872103478274,32.43400011062622,30.79511993408203,2.3509998321533203
34.12300109863281,34.12300109863281,32.266998291015625,33.21900177001953,33.21900177001953,19806000.0,-0.026948597515748074,32.52635021209717,30.901499977111815,-0.9199981689453125
31.386999130249023,32.75,31.339000701904297,32.138999938964844,32.138999938964844,23913000.0,-0.03251156788309639,32.528300285339355,31.001039962768555,-1.0800018310546875
32.74100112915039,33.3380012512207,32.439998626708984,33.266998291015625,33.266998291015625,17726000.0,0.03509749382970728,32.581750106811526,31.114679946899415,1.1279983520507812
33.007999420166016,34.28300094604492,32.85300064086914,34.13100051879883,34.13100051879883,17679000.0,0.02597175195143908,32.69325017929077,31.23243995666504,0.8640022277832031
34.4010009765625,35.858001708984375,34.23400115966797,35.78099822998047,35.78099822998047,18852000.0,0.048343080662778926,32.907300090789796,31.402699928283692,1.6499977111816406
35.45000076293945,37.16299819946289,35.42499923706055,36.994998931884766,36.994998931884766,23614000.0,0.033928642630408845,33.20694999694824,31.588499908447265,1.2140007019042969
36.70000076293945,37.23600006103516,36.125,36.67300033569336,36.67300033569336,17058000.0,-0.008703841207950092,33.42049999237061,31.77215991973877,-0.32199859619140625
36.400001525878906,37.06999969482422,35.53300094604492,36.92300033569336,36.92300033569336,19219000.0,0.006817004273214078,33.679699993133546,31.980619926452636,0.25
36.0369987487793,36.69400024414063,34.755001068115234,35.279998779296875,35.279998779296875,23977000.0,-0.04449805111878191,33.81709985733032,32.13821990966797,-1.6430015563964844
35.5,35.95000076293945,34.768001556396484,35.10699844360352,35.10699844360352,15822000.0,-0.004903637802699534,33.916699695587155,32.255319862365724,-0.17300033569335227
35.60900115966797,36.10699844360352,35.14580154418945,35.874000549316406,35.874000549316406,13206000.0,0.021847555750031056,34.06039972305298,32.37867988586426,0.7670021057128835
36.374000549316406,36.59099960327149,35.9109992980957,36.18299865722656,36.18299865722656,12007000.0,0.008613427640593807,34.1933497428894,32.49223987579346,0.30899810791015625
36.14599990844727,37.630001068115234,35.93199920654297,37.49700164794922,37.49700164794922,20717000.0,0.03631548073642654,34.41709985733032,32.628719902038576,1.3140029907226562
38.14300155639648,39.14500045776367,37.75,38.983001708984375,38.983001708984375,24212000.0,0.03962983693968036,34.718399906158446,32.79495994567871,1.4860000610351562
39.1879997253418,39.28300094604492,38.00199890136719,38.854000091552734,38.854000091552734,20848000.0,-0.003309176096665478,34.99439992904663,32.95175994873047,-0.12900161743164062
38.79899978637695,40.11640167236328,38.125,38.275001525878906,38.275001525878906,29024000.0,-0.014901903647231096,35.22545003890991,33.103279991149904,-0.5789985656738281
38.86100006103516,39.79600143432617,38.4119987487793,39.59600067138672,39.59600067138672,19962000.0,0.03451336624022461,35.60670003890991,33.28498001098633,1.3209991455078125
40.27000045776367,40.96099853515625,39.84999847412109,40.69900131225586,40.69900131225586,27919000.0,0.02785636483904308,36.07015008926392,33.487260055541995,1.1030006408691406
40.637001037597656,40.78799819946289,39.08200073242188,39.47999954223633,39.47999954223633,27436000.0,-0.029951638387068935,36.454750061035156,33.66844005584717,-1.2190017700195312
40.22499847412109,40.29999923706055,39.17100143432617,39.17100143432617,39.17100143432617,24074000.0,-0.007826699885839283,36.70635013580322,33.79782009124756,-0.30899810791015625
39.36199951171875,39.44400024414063,37.17300033569336,38.53900146484375,38.53900146484375,29226000.0,-0.016134383761978288,36.972350120544434,33.91258014678955,-0.6319999694824219
,,,,,,,,,
38.400001525878906,39.27999877929688,38.02000045776367,38.39099884033203,38.39099884033203,19655000.0,-0.003840333659052675,37.28495006561279,34.02670009613037,-0.14800262451171875
38.970001220703125,39.14899826049805,38.25,38.64899826049805,38.64899826049805,13399000.0,0.006720310175805322,37.554050064086915,34.17602005004883,0.2579994201660156
38.77000045776367,39.29949951171875,38.03799819946289,39.27199935913086,39.27199935913086,22185000.0,0.01611946303067735,37.811100006103516,34.39338005065918,0.6230010986328125
39.3489990234375,39.57500076293945,38.01399993896485,38.04199981689453,38.04199981689453,17237000.0,-0.03132001329976464,37.92415008544922,34.57616004943848,-1.2299995422363281
38.402000427246094,38.402000427246094,35.032501220703125,35.867000579833984,35.867000579833984,45181000.0,-0.05717363039612411,37.86775016784668,34.691580047607424,-2.174999237060547
35.25,35.53099822998047,33.50899887084961,33.7239990234375,33.7239990234375,52546000.0,-0.05974855777601251,37.720300102233885,34.765760040283205,-2.1430015563964844
33.84000015258789,35.06999969482422,33.61000061035156,34.750999450683594,34.750999450683594,32152000.0,0.030453103338436982,37.6117000579834,34.85142002105713,1.0270004272460938
35.49700164794922,36.08200073242188,35.11100006103516,35.66299819946289,35.66299819946289,30800000.0,0.02624381350739413,37.6308500289917,34.94076000213623,0.9119987487792969
35.65299987792969,35.75,33.763999938964844,33.83100128173828,33.83100128173828,26766000.0,-0.05136968315109858,37.56705017089844,34.99072002410889,-1.8319969177246094
32.85100173950195,34.345001220703125,32.45100021362305,33.792999267578125,33.792999267578125,28553000.0,-0.001123289666885241,37.46300010681152,35.03914001464844,-0.03800201416015625
32.45899963378906,33.472999572753906,32.34299850463867,32.88199996948242,32.88199996948242,55335000.0,-0.026958225604133856,37.297950172424315,35.05478004455566,-0.9109992980957031
33.10699844360352,33.18899917602539,31.7549991607666,32.584999084472656,32.584999084472656,27011000.0,-0.009032324228617772,37.05235004425049,35.06251998901367,-0.2970008850097656
32.83399963378906,33.185001373291016,32.12200164794922,32.5,32.5,17669000.0,-0.002608534198583423,36.72819995880127,35.074500007629396,-0.08499908447265625
32.499000549316406,33.09000015258789,31.200000762939453,31.881999969482425,31.881999969482425,27832000.0,-0.019015385554386866,36.37959995269775,35.08214000701904,-0.6180000305175746
31.777999877929688,32.547000885009766,31.071399688720703,31.326000213623047,31.326000213623047,24693000.0,-0.017439299805268926,36.03214988708496,35.088619995117185,-0.5559997558593786
31.356000900268555,31.583999633789062,28.756999969482425,29.54700088500977,29.54700088500977,52634000.0,-0.0567898651753066,35.529699897766115,35.03152000427246,-1.7789993286132777
29.200000762939453,31.582500457763672,28.60700035095215,31.459999084472656,31.459999084472656,54844000.0,0.06474424280514435,35.06774978637695,35.02593997955322,1.912998199462887
31.48200035095215,31.61899948120117,30.23600006103516,31.31399917602539,31.31399917602539,29359000.0,-0.004640810956645147,34.65944976806641,35.001579933166504,-0.14599990844726562
31.399999618530277,31.63999938964844,30.17099952697754,30.569000244140625,30.569000244140625,21812000.0,-0.02379124198403737,34.22934970855713,34.95065990447998,-0.7449989318847656
30.4689998626709,31.64900016784668,30.202999114990234,31.166000366210938,31.166000366210938,20602000.0,0.019529592636407633,33.86069965362549,34.9139799118042,0.5970001220703125
31.166000366210938,32.0,30.8799991607666,31.32200050354004,31.32200050354004,20107000.0,0.005005459009691515,33.50724973678589,34.869939956665036,0.15600013732910156
30.964000701904297,31.117000579833984,30.06999969482422,31.035999298095703,31.035999298095703,22062000.0,-0.009131000601702022,33.12659978866577,34.830219955444335,-0.28600120544433594
31.143999099731445,32.65999984741211,30.417600631713867,32.55699920654297,32.55699920654297,31372000.0,0.049007602231148084,32.79084978103638,34.822219924926756,1.5209999084472656
32.74700164794922,33.04499816894531,32.0099983215332,32.720001220703125,32.720001220703125,27540000.0,0.005006665790236564,32.52474985122681,34.80993995666504,0.16300201416015625
32.68199920654297,33.15700149536133,32.215999603271484,32.63199996948242,32.63199996948242,14006000.0,-0.002689524692469192,32.36299982070923,34.78949996948242,-0.08800125122070312
32.25,32.569000244140625,31.07999992370605,31.104999542236328,31.104999542236328,19673000.0,-0.04679457062619974,32.23204984664917,34.77217994689941,-1.5270004272460938
31.350000381469727,31.67099952697754,31.16699981689453,31.38500022888184,31.38500022888184,14488000.0,0.009001790412030308,32.06374988555908,34.771279945373536,0.28000068664551137
31.44700050354004,32.92900085449219,31.10099983215332,32.446998596191406,32.446998596191406,21758000.0,0.033837768346812735,31.90294990539551,34.784459915161136,1.0619983673095668
33.08700180053711,33.733001708984375,32.44599914550781,32.92599868774414,32.92599868774414,22612000.0,0.014762539287962229,31.8576997756958,34.76019989013672,0.4790000915527344
32.89899826049805,34.60300064086914,32.867000579833984,34.43000030517578,34.43000030517578,21224000.0,0.04567823839437457,31.889549827575685,34.78441986083985,1.5040016174316406
34.709999084472656,34.944000244140625,34.369998931884766,34.608001708984375,34.608001708984375,20334000.0,0.005169950689249303,31.975849914550782,34.83379989624024,0.17800140380859375
34.20100021362305,34.3650016784668,32.2239990234375,32.36399841308594,32.36399841308594,24892000.0,-0.06484059133977349,31.964799880981445,34.81573989868164,-2.2440032958984375
32.650001525878906,33.391998291015625,32.400001525878906,33.13399887084961,33.13399887084961,16843000.0,0.023791882817925547,31.996499824523926,34.79579986572266,0.7700004577636719
33.20000076293945,33.5,31.21299934387207,31.43400001525879,31.43400001525879,26576000.0,-0.05130678196184868,31.974099826812743,34.70885990142822,-1.6999988555908203
31.700000762939453,32.65599822998047,31.160999298095703,31.972999572753903,31.972999572753903,17972000.0,0.01714702415325675,32.00644979476929,34.60841991424561,0.5389995574951136
32.349998474121094,32.68000030517578,29.530000686645508,29.9689998626709,29.9689998626709,30904000.0,-0.06267787623500709,32.027549743652344,34.474339904785154,-2.0039997100830043
29.82099914550781,30.97719955444336,29.106000900268555,29.714000701904297,29.714000701904297,23660000.0,-0.00850876445443971,31.940249824523924,34.33015991210937,-0.25499916076660156
30.19599914550781,32.42399978637695,30.10300064086914,32.33399963378906,32.33399963378906,31335000.0,0.0881738867199009,31.99124984741211,34.27123992919922,2.6199989318847656
31.67200088500977,32.13600158691406,30.91200065612793,31.7450008392334,31.7450008392334,22416000.0,-0.018216082180571358,32.05004987716675,34.20399997711181,-0.5889987945556641
32.249000549316406,32.917999267578125,31.28199958801269,32.49300003051758,32.49300003051758,28425000.0,0.023562739691590506,32.11639986038208,34.13637996673584,0.7479991912841797
30.600000381469727,32.1879997253418,29.86400032043457,31.25200080871582,31.25200080871582,53518000.0,-0.03819281754950932,32.11289987564087,34.03776000976563,-1.2409992218017578
31.332000732421875,31.99399948120117,30.84600067138672,31.91200065612793,31.91200065612793,20418000.0,0.02111864297750965,32.15669994354248,33.9260599899292,0.6599998474121094
31.641000747680664,31.98500061035156,30.874000549316406,31.35700035095215,31.35700035095215,17894000.0,-0.017391586041760942,32.09670000076294,33.77353996276855,-0.5550003051757812
31.625,32.20800018310547,31.28700065612793,31.676000595092773,31.676000595092773,16005000.0,0.010173174747913682,32.04449996948242,33.62997997283936,0.319000244140625
,,,,,,,,,
,,,,,,,,,
,,,,,,,,,
,,,,,,,,,
,,,,,,,,,
,,,,,,,,,
,,,,,,,,,
,,,,,,,,,
,,,,,,,,,
,,,,,,,,,
,,,,,,,,,
,,,,,,,,,
,,,,,,,,,
,,,,,,,,,
,,,,,,,,,
,,,,,,,,,
,,,,,,,,,
,,,,,,,,,
,,,,,,,,,
,,,,,,,,,
,,,,,,,,,
,,,,,,,,,
,,,,,,,,,
,,,,,,,,,
,,,,,,,,,
,,,,,,,,,
,,,,,,,,,
,,,,,,,,,
,,,,,,,,,
,,,,,,,,,
,,,,,,,,,
,,,,,,,,,
,,,,,,,,,
,,,,,,,,,
,,,,,,,,,
,,,,,,,,,
,,,,,,,,,
,,,,,,,,,
,,,,,,,,,
,,,,,,,,,
,,,,,,,,,
,,,,,,,,,
,,,,,,,,,
,,,,,,,,,
,,,,,,,,,
,,,,,,,,,
,,,,,,,,,
,,,,,,,,,
,,,,,,,,,
,,,,,,,,,
,,,,,,,,,
,,,,,,,,,
,,,,,,,,,
,,,,,,,,,
,,,,,,,,,
,,,,,,,,,
,,,,,,,,,
,,,,,,,,,
,,,,,,,,,
,,,,,,,,,
,,,,,,,,,
,,,,,,,,,
,,,,,,,,,
,,,,,,,,,
,,,,,,,,,
,,,,,,,,,
,,,,,,,,,
,,,,,,,,,
,,,,,,,,,
,,,,,,,,,
,,,,,,,,,
,,,,,,,,,
,,,,,,,,,
,,,,,,,,,
,,,,,,,,,
,,,,,,,,,
,,,,,,,,,
,,,,,,,,,
,,,,,,,,,
,,,,,,,,,
,,,,,,,,,
,,,,,,,,,
,,,,,,,,,
,,,,,,,,,
,,,,,,,,,
,,,,,,,,,
,,,,,,,,,
,,,,,,,,,
,,,,,,,,,
,,,,,,,,,
43.08200073242188,44.608001708984375,41.6510009765625,41.83200073242188,41.83200073242188,29866000.0,-0.11386023082606977,49.56100025177002,46.51288024902344,-5.375
44.5,45.04999923706055,42.0629997253418,45.03400039672852,45.03400039672852,28641000.0,0.07654426296241978,49.35425033569336,46.596060256958005,3.2019996643066406
43.525001525878906,44.20000076293945,40.632999420166016,42.23099899291992,42.23099899291992,28126000.0,-0.0622418923283623,49.00205020904541,46.624680252075194,-2.803001403808601
37.09999847412109,40.35699844360352,36.61000061035156,37.77799987792969,37.77799987792969,44194000.0,-0.1054438498065553,48.234700202941895,46.58752021789551,-4.452999114990234
40.400001525878906,40.641998291015625,36.30099868774414,39.09000015258789,39.09000015258789,33144000.0,0.03472921485779046,47.5243501663208,46.574160232543946,1.3120002746582031
33.900001525878906,36.20000076293945,32.150001525878906,32.229000091552734,32.229000091552734,41799000.0,-0.17551803617941242,46.47970008850098,46.40312026977539,-6.861000061035156
33.00199890136719,35.79999923706055,30.767000198364254,35.50899887084961,35.50899887084961,42408000.0,0.10177165813333966,45.573100090026855,46.30472023010254,3.279998779296875
32.63399887084961,35.85559844970703,30.530000686645508,33.68299865722656,33.68299865722656,35224000.0,-0.051423590404911845,44.54120006561279,46.15172019958496,-1.8260002136230469
33.61600112915039,34.573001861572266,31.600000381469727,33.25,33.25,32472000.0,-0.012855110129384673,43.52580013275146,45.98772018432617,-0.4329986572265625
34.5,37.25429916381836,34.20000076293945,34.60599899291992,34.60599899291992,42957000.0,0.040781924599095465,42.65279998779297,45.84364013671875,1.3559989929199219
34.65399932861328,38.417999267578125,33.512001037597656,37.53900146484375,37.53900146484375,36509000.0,0.08475416278327619,42.07495002746582,45.73402015686035,2.933002471923828
41.2760009765625,43.29899978637695,40.66709899902344,43.0,43.0,35047000.0,0.1454753275808527,41.892650032043456,45.73568016052246,5.46099853515625
43.59400177001953,47.05699920654297,43.21099853515625,44.65999984741211,44.65999984741211,35632000.0,0.03860464761423521,41.76975002288818,45.74838012695312,1.6599998474121094
45.43999862670898,47.04800033569336,43.52999877929688,44.74100112915039,44.74100112915039,30938000.0,0.0018137322439550907,41.81494998931885,45.760760116577146,0.08100128173828125
42.76100158691406,43.33599853515625,41.20199966430664,42.1619987487793,42.1619987487793,25693000.0,-0.0576429296458183,41.6064998626709,45.706980056762696,-2.5790023803710938
42.3489990234375,43.48899841308594,41.20109939575195,43.03799819946289,43.03799819946289,15988000.0,0.02077699057635307,41.31639976501465,45.66513999938965,0.8759994506835938
42.80799865722656,43.95899963378906,41.400001525878906,41.69300079345703,41.69300079345703,19501000.0,-0.03125139324027959,41.01634979248047,45.58924003601074,-1.3449974060058594
40.29899978637695,40.59999847412109,38.15299987792969,38.46699905395508,38.46699905395508,22727000.0,-0.07737513918662853,40.37854976654053,45.42770004272461,-3.226001739501953
35.0,36.59400177001953,33.45500183105469,34.630001068115234,34.630001068115234,52055000.0,-0.0997477858997512,39.61894989013672,45.190780029296874,-3.8369979858398438
35.803001403808594,36.37900161743164,34.5,35.76499938964844,35.76499938964844,26159000.0,0.03277500105474229,39.04684982299805,44.967580032348636,1.1349983215332031
38.0,39.35699844360352,36.93000030517578,39.26499938964844,39.26499938964844,27666000.0,0.097861038997054,38.91849975585937,44.821920013427736,3.5
40.89899826049805,40.89899826049805,37.402000427246094,37.854000091552734,37.854000091552734,32142000.0,-0.03593529402849527,38.559499740600586,44.67678001403809,-1.4109992980957031
38.29999923706055,41.75699996948242,38.13100051879883,41.45100021362305,41.45100021362305,33532000.0,0.09502298603504777,38.520499801635744,44.570480041503906,3.5970001220703125
42.2509994506836,43.900001525878906,41.29999923706055,41.77399826049805,41.77399826049805,29354000.0,0.007792285957163525,38.72029972076416,44.46262001037598,0.322998046875
,,,,,,,,,
42.369998931884766,45.33509826660156,41.78099822998047,44.744998931884766,44.744998931884766,31202000.0,0.07112081187105646,39.003049659729,44.403759994506835,2.9710006713867188
46.70299911499024,50.14699935913086,46.13399887084961,49.60599899291992,49.60599899291992,37466000.0,0.1086378405871693,39.87189960479736,44.464559936523436,4.861000061035156
48.11199951171875,50.04399871826172,47.71099853515625,49.71699905395508,49.71699905395508,26843000.0,0.00223763382027653,40.582299613952635,44.52011993408203,0.11100006103515625
50.84999847412109,52.91299819946289,50.20100021362305,52.64300155639648,52.64300155639648,37049000.0,0.058853160048255804,41.530299758911134,44.60205993652344,2.926002502441399
54.04999923706055,59.18299865722656,53.900001525878906,59.03900146484375,59.03900146484375,61417000.0,0.12149762968198607,42.81974983215332,44.831719970703126,6.395999908447273
58.5,64.49500274658203,58.400001525878906,62.9900016784668,62.9900016784668,68305000.0,0.06692186716565263,44.23894996643067,45.14555999755859,3.951000213623047
64.69999694824219,66.5739974975586,55.60100173950195,58.5,58.5,110507000.0,-0.07128118048616772,45.28699989318848,45.35818000793457,-4.490001678466797
61.5989990234375,63.5,60.31999969482422,62.65599822998047,62.65599822998047,50241000.0,0.07104270478599095,46.2697998046875,45.62791999816895,4.155998229980469
63.130001068115234,63.98400115966797,61.03900146484375,62.04899978637695,62.04899978637695,43839000.0,-0.00968779463660463,47.13924980163574,45.883399963378906,-0.6069984436035156
62.400001525878906,65.1989974975586,60.560001373291016,64.31900024414062,64.31900024414062,54456000.0,0.03658399757576847,48.118149757385254,46.10727996826172,2.270000457763672
66.26000213623047,66.26000213623047,62.30400085449219,62.858001708984375,62.858001708984375,40300000.0,-0.022714882532542835,49.15294990539551,46.29849998474121,-1.46099853515625
63.400001525878906,63.97600173950195,61.0099983215332,63.3650016784668,63.3650016784668,36857000.0,0.008065798397946189,50.1693000793457,46.503359985351565,0.5069999694824219
63.70000076293945,64.55500030517578,62.11299896240234,63.999000549316406,63.999000549316406,24039000.0,0.010005505469197429,51.28460006713867,46.71052001953125,0.6339988708496094
62.5,64.5979995727539,62.29999923706055,63.229000091552734,63.229000091552734,24460000.0,-0.01203144504061937,52.52270011901855,46.88868003845215,-0.7700004577636719
61.5,62.7859992980957,59.50299835205078,61.36399841308594,61.36399841308594,25212000.0,-0.029495985635805688,53.85939998626709,47.04480003356934,-1.8650016784667969
62.06399917602539,65.88999938964844,61.70100021362305,65.88899993896484,65.88899993896484,27598000.0,0.07374033053416462,55.36560001373291,47.32125999450684,4.525001525878906
67.0,70.46900177001953,66.19999694824219,68.61100006103516,68.61100006103516,51437000.0,0.04131190524354289,56.832900047302246,47.7115599822998,2.7220001220703125
67.28800201416016,73.92400360107422,66.9000015258789,73.35299682617188,73.35299682617188,69252000.0,0.06911423475708434,58.6078498840332,48.245699920654296,4.741996765136719
71.99400329589844,73.87100219726562,71.5,72.2760009765625,72.2760009765625,46034000.0,-0.01468237013085616,60.14909992218018,48.7488599395752,-1.076995849609375
70.55500030517578,72.0999984741211,70.30000305175781,70.89700317382812,70.89700317382812,40787000.0,-0.01907960850215762,61.60525016784668,49.29005996704102,-1.378997802734375
70.69599914550781,75.25,70.37799835205078,75.03399658203125,75.03399658203125,36738000.0,0.05835216191098902,63.119700050354005,49.864119873046874,4.136993408203125
76.9000015258789,77.09500122070312,73.3949966430664,74.22799682617188,74.22799682617188,36961000.0,-0.010741794287582818,64.35079994201661,50.37187980651856,-0.805999755859375
75.0,76.85900115966797,71.72899627685547,75.43800354003906,75.43800354003906,43696000.0,0.016301217405890522,65.6368501663208,50.92675987243652,1.2100067138671875
74.98899841308594,75.80899810791016,73.30000305175781,75.42900085449219,75.42900085449219,28475000.0,-0.00011933886270065752,66.77615013122559,51.410879898071286,-0.009002685546875
75.43000030517578,77.47899627685547,75.125,76.69999694824219,76.69999694824219,30235000.0,0.016850231069636568,67.65919990539551,51.948439865112306,1.27099609375
77.0,77.072998046875,73.30000305175781,73.802001953125,73.802001953125,36674000.0,-0.037783508610473304,68.19979991912842,52.48033988952637,-2.8979949951171875
74.54199981689453,76.5,71.31900024414062,75.3010025024414,75.3010025024414,52644000.0,0.020311109585733123,69.03985004425049,53.14971992492676,1.4990005493164062
76.80000305175781,77.80000305175781,75.17400360107422,77.80000305175781,77.80000305175781,32390000.0,0.03318681646018429,69.79705028533935,53.805039978027345,2.4990005493164062
79.18599700927734,80.98699951171875,78.20700073242188,80.23500061035156,80.23500061035156,41365000.0,0.031298167905903895,70.70635032653809,54.56512001037598,2.43499755859375
80.46299743652344,82.63800048828125,79.36399841308594,82.51699829101562,82.51699829101562,27736000.0,0.028441424107992663,71.61625022888184,55.459899978637694,2.2819976806640625
,,,,,,,,,
84.19999694824219,84.4000015258789,74.23699951171875,76.78900146484375,76.78900146484375,64651000.0,-0.06941596210238699,72.3128002166748,56.21388000488281,-5.727996826171875
75.5009994506836,75.69999694824219,68.5,75.0,75.0,68596000.0,-0.023297626362061896,72.89455013275146,57.06930000305176,-1.78900146484375
72.8010025024414,77.04000091552734,72.78250122070312,74.44300079345703,74.44300079345703,37530000.0,-0.00742665608723958,73.4167501449585,57.84798004150391,-0.5569992065429688
75.61499786376953,76.93900299072266,73.80000305175781,75.77999877929688,75.77999877929688,33026000.0,0.017960022723282787,74.0443000793457,58.689920043945314,1.3369979858398438
75.47200012207031,75.92500305175781,73.9520034790039,75.80000305175781,75.80000305175781,18433000.0,0.00026397826317192674,74.7661003112793,59.54092010498047,0.0200042724609375
76.44300079345703,78.43000030517578,74.4000015258789,77.94999694824219,77.94999694824219,26644000.0,0.028364034431717755,75.36915016174316,60.40780006408691,2.149993896484375
77.79299926757812,77.90799713134766,75.83789825439453,76.2020034790039,76.2020034790039,18920000.0,-0.022424548270334466,75.7487003326416,61.18106010437012,-1.7479934692382812
76.39099884033203,77.72200012207031,72.60350036621094,73.51899719238281,73.51899719238281,27672000.0,-0.03520913052319352,75.75700035095215,61.79144004821777,-2.6830062866210938
72.11000061035156,74.08599853515625,70.2020034790039,72.7770004272461,72.7770004272461,24773000.0,-0.010092585501337514,75.78205032348633,62.353780059814454,-0.7419967651367188
71.5,73.11499786376953,70.8010025024414,73.06700134277344,73.06700134277344,18895000.0,0.003984787966319736,75.89055023193359,62.920300064086916,0.29000091552734375
74.39099884033203,75.4800033569336,73.32499694824219,74.16999816894531,74.16999816894531,15170000.0,0.015095690337659784,75.8473503112793,63.560460052490235,1.102996826171875
75.69999694824219,75.8499984741211,73.2509994506836,74.36399841308594,74.36399841308594,14921000.0,0.0026156161376562626,75.854150390625,64.18698005676269,0.194000244140625
73.33399963378906,76.552001953125,72.4000015258789,72.51200103759766,72.51200103759766,22880000.0,-0.024904488932945612,75.70785026550293,64.8033600616455,-1.8519973754882812
73.93399810791016,74.5,71.322998046875,74.25800323486328,74.25800323486328,21233000.0,0.024078803126124093,75.64930038452148,65.51918014526368,1.746002197265625
77.69999694824219,80.73899841308594,76.98650360107422,80.5469970703125,80.5469970703125,40607000.0,0.08469112501663134,75.841650390625,66.43752006530762,6.288993835449219
80.9000015258789,81.6780014038086,78.75,80.57599639892578,80.57599639892578,26388000.0,0.0003600299162980214,76.18035011291504,67.33374000549317,0.02899932861328125
81.30000305175781,82.74939727783203,81.05899810791016,81.73600006103516,81.73600006103516,18431000.0,0.01439639239912438,76.50209999084473,68.1831600189209,1.160003662109375
83.25,86.97000122070312,83.05000305175781,86.35600280761719,86.35600280761719,30858000.0,0.05652347488416498,76.92989997863769,69.15320007324219,4.620002746582031
87.5999984741211,89.55599975585938,86.5999984741211,88.0999984741211,88.0999984741211,40203000.0,0.020195419076878274,77.32314987182617,70.08618003845214,1.7439956665039062
89.51200103759766,90.98699951171876,89.21099853515625,90.4810028076172,90.4810028076172,23956000.0,0.027026156353402442,77.72135009765626,71.06032012939453,2.381004333496108
91.91899871826172,92.8000030517578,90.72599792480467,91.13400268554688,91.13400268554688,24304000.0,0.007216983208266248,78.4386001586914,71.98810020446777,0.6529998779296733
91.0009994506836,92.4000015258789,86.80000305175781,89.69999694824219,89.69999694824219,34200000.0,-0.015735133924191236,79.17360000610351,72.78998016357421,-1.4340057373046875
88.65599822998047,91.76000213623048,87.32450103759766,91.63200378417967,91.63200378417967,24192000.0,0.02153853848013254,80.03305015563964,73.6282802581787,1.9320068359374858
91.5999984741211,92.70449829101562,89.4000015258789,91.0,91.0,27208000.0,-0.006897194845462806,80.7940502166748,74.39542022705078,-0.6320037841796733
91.39900207519533,92.3000030517578,87.64299774169922,92.24199676513672,92.24199676513672,27405000.0,0.013648316100403513,81.61614990234375,75.05948013305664,1.2419967651367188
92.5500030517578,95.8759994506836,92.1999969482422,94.91999816894533,94.91999816894533,27491000.0,0.029032344243666408,82.4646499633789,75.69808006286621,2.678001403808608
94.8010025024414,101.78900146484376,94.8010025024414,101.66400146484376,101.66400146484376,34483000.0,0.07104934077110903,83.7377498626709,76.56136009216308,6.7440032958984375
103.4990005493164,105.94400024414062,102.1999969482422,102.99700164794922,102.99700164794922,34594000.0,0.013111820938568997,85.21165008544922,77.36818016052246,1.3330001831054545
,,,,,,,,,
105.2490005493164,105.9000015258789,98.36479949951172,98.677001953125,98.677001953125,43507000.0,-0.04194296557865118,86.50665016174317,78.10074020385743,-4.319999694824219
98.5,104.0,97.3000030517578,101.39900207519533,101.39900207519533,32909000.0,0.027584949564675387,87.92325019836426,78.84234024047852,2.7220001220703267
102.72599792480467,103.53019714355467,100.25450134277344,101.7300033569336,101.7300033569336,20572000.0,0.003264344569119171,89.30125045776367,79.6197802734375,0.33100128173826704
102.5009994506836,105.2249984741211,101.29399871826172,104.0019989013672,104.0019989013672,28653000.0,0.022333583696660275,90.78315048217773,80.4325202178955,2.271995544433608
104.0019989013672,104.48500061035156,101.81300354003906,103.18599700927734,103.18599700927734,17084000.0,-0.007846021237185363,92.31685028076171,81.21626014709473,-0.816001892089858
104.3000030517578,107.49759674072266,93.51399993896484,96.875,96.875,39009000.0,-0.06116137065293781,93.44770011901855,81.88918014526367,-6.310997009277344
97.0,99.8000030517578,90.17400360107422,97.44100189208984,97.44100189208984,35915000.0,0.005842600176411361,94.29240036010742,82.61072021484375,0.5660018920898438
97.4000015258789,98.0,93.4000015258789,95.94499969482422,95.94499969482422,23385000.0,-0.01535290245601495,95.06085052490235,83.21184020996094,-1.496002197265625
94.20099639892578,95.28209686279295,91.54000091552734,92.54900360107422,92.54900360107422,20861000.0,-0.03539523794415311,95.6015007019043,83.69060028076171,-3.39599609375
93.22000122070312,94.09700012207033,90.6050033569336,92.81300354003906,92.81300354003906,20398000.0,0.0028525422067513517,95.92435073852539,84.07980041503906,0.26399993896484375
92.9000015258789,101.18099975585938,91.8209991455078,100.93900299072266,100.93900299072266,31615000.0,0.08755238103223406,96.56630096435546,84.65306045532226,8.125999450683594
102.22200012207033,102.4980010986328,94.8209991455078,95.28299713134766,95.28299713134766,30326000.0,-0.05603389860998376,96.806400680542,85.14078033447265,-5.656005859375
96.4729995727539,98.05699920654295,94.0,95.73300170898438,95.73300170898438,21821000.0,0.004722821397152188,97.03635063171387,85.55476043701172,0.45000457763671875
96.68199920654295,97.9990005493164,91.11199951171876,92.84100341796876,92.84100341796876,30173000.0,-0.03020900044278252,97.19340095520019,85.92702056884765,-2.891998291015611
90.5999984741211,94.18399810791016,88.31800079345703,92.9810028076172,92.9810028076172,24188000.0,0.0015079478301001092,97.26085090637207,86.27788055419921,0.1399993896484375
94.75700378417967,97.74600219726562,93.51399993896484,97.63899993896484,97.63899993896484,26899000.0,0.050096223859676936,97.59280090332031,86.72208053588867,4.657997131347642
100.70899963378906,101.4905014038086,97.51699829101562,98.5,98.5,38474000.0,0.00881819827705499,97.90570106506348,87.15808059692382,0.8610000610351562
110.73799896240234,110.79199981689452,103.8000030517578,105.35900115966795,105.35900115966795,64923000.0,0.06963452953977622,98.4276512145996,87.78922058105469,6.8590011596679545
104.83000183105467,106.21299743652344,100.30049896240234,104.88400268554688,104.88400268554688,27839000.0,-0.004508380573969517,98.58865127563476,88.38088058471679,-0.47499847412107954
106.5,106.7677001953125,101.21099853515624,102.4000015258789,102.4000015258789,23325000.0,-0.023683317723058872,98.55880126953124,88.87288055419921,-2.4840011596679688
103.1999969482422,108.9250030517578,102.89600372314452,108.30500030517578,108.30500030517578,26466000.0,0.05766600284478063,99.04020118713379,89.4342805480957,5.904998779296875
107.4010009765625,108.28780364990234,105.4000015258789,108.0,108.0,16184000.0,-0.0028161239491839574,99.37025108337403,89.94394058227539,-0.30500030517578125
107.89900207519533,110.5,107.01100158691406,109.46499633789062,109.46499633789062,15516000.0,0.013564780906394569,99.75700073242187,90.59746047973633,1.464996337890625
109.33000183105467,109.97100067138672,106.87570190429688,108.81300354003906,108.81300354003906,12872000.0,-0.005956176126284518,99.99755096435547,91.2737205505371,-0.6519927978515625
108.0,109.28700256347656,103.0271987915039,105.31199645996094,105.31199645996094,16345000.0,-0.03217452846791313,100.10385093688964,91.89110046386719,-3.501007080078125
105.5,106.4000015258789,98.74099731445312,100.55599975585938,100.55599975585938,24052000.0,-0.045161015496556156,100.28790092468262,92.38662048339843,-4.7559967041015625
99.95899963378906,101.5,96.4739990234375,97.1989974975586,97.1989974975586,22709000.0,-0.033384405370651904,100.27580070495605,92.81460037231446,-3.3570022583007812
98.39299774169922,100.78600311279295,98.0,99.0999984741211,99.0999984741211,17039000.0,0.019557824931375922,100.4335506439209,93.23760040283203,1.9010009765625
100.5,102.39749908447266,98.6999969482422,99.98999786376952,99.98999786376952,14018000.0,0.00898082142635781,100.80560035705567,93.71336029052735,0.8899993896484233
100.2300033569336,100.6999969482422,97.8499984741211,98.79000091552734,98.79000091552734,15991000.0,-0.012001169855779925,101.10445022583008,94.21878036499024,-1.1999969482421733
99.9000015258789,101.96399688720705,99.55139923095705,101.2959976196289,101.2959976196289,12691000.0,0.025366906375923426,101.12229995727539,94.7891603088379,2.5059967041015625
102.0999984741211,102.697998046875,99.31700134277344,102.47100067138672,102.47100067138672,12876000.0,0.011599698698560701,101.48170013427735,95.37724029541016,1.1750030517578125
102.1989974975586,104.2959976196289,100.3000030517578,100.91100311279295,100.91100311279295,12322000.0,-0.015223795496996373,101.74060020446777,95.91206039428711,-1.5599975585937642
100.41000366210938,104.36000061035156,99.9188995361328,103.96199798583984,103.96199798583984,13324000.0,0.0302345113905631,102.29664993286133,96.5040203857422,3.050994873046889
103.60199737548828,104.697998046875,101.5,102.11199951171876,102.11199951171876,12874000.0,-0.01779494921185587,102.75319976806641,97.09602035522461,-1.8499984741210795
103.1999969482422,103.3831024169922,98.88800048828124,99.93199920654295,99.93199920654295,18207000.0,-0.021349109953778034,102.86784973144532,97.6095002746582,-2.1800003051758097
99.0999984741211,103.87999725341795,99.0999984741211,103.71900177001952,103.71900177001952,16919000.0,0.0378957950761043,103.1287998199463,98.07294036865234,3.7870025634765625
104.9000015258789,111.5989990234375,104.62100219726562,108.93299865722656,108.93299865722656,28068000.0,0.05027041138294264,103.30749969482422,98.64008041381835,5.2139968872070455
108.177001953125,108.93299865722656,104.93299865722656,105.3499984741211,105.3499984741211,15537000.0,-0.03289177960096279,103.33079948425294,99.11236038208008,-3.5830001831054688
106.70500183105467,107.9020004272461,103.94499969482422,104.20600128173828,104.20600128173828,13375000.0,-0.010859014797839128,103.4210994720459,99.4693603515625,-1.1439971923828125
104.85099792480467,107.39199829101562,103.5,106.64199829101562,106.64199829101562,11264000.0,0.02337674394290623,103.33794937133788,99.84020034790039,2.4359970092773438
107.5,114.69100189208984,107.3939971923828,113.43199920654295,113.43199920654295,20827000.0,0.06367098351812639,103.60954933166504,100.29922027587891,6.7900009155273295
114.1999969482422,114.5,106.25,107.45899963378906,107.45899963378906,27065000.0,-0.05265709512778616,103.50924949645996,100.62572021484375,-5.972999572753892
104.43599700927734,105.87000274658205,99.38600158691406,101.56999969482422,101.56999969482422,29317000.0,-0.05480229630867628,103.14709930419922,100.8631202697754,-5.888999938964844
99.61900329589844,101.89800262451172,89.64800262451172,97.302001953125,97.302001953125,34701000.0,-0.04202025947152488,102.74659957885743,100.9765202331543,-4.267997741699219
,,,,,,,,,
92.09100341796876,95.4000015258789,90.63600158691406,91.73999786376952,91.73999786376952,21049000.0,-0.05716227803858509,102.30579948425293,100.99132019042969,-5.562004089355483
95.5,97.0,93.1999969482422,94.93099975585938,94.93099975585938,18105000.0,0.03478310405923901,102.19239959716796,101.04510025024415,3.191001892089858
97.0,97.5,92.54499816894533,93.41699981689452,93.41699981689452,17211000.0,-0.015948425096738883,101.90824966430664,101.01504028320312,-1.513999938964858
94.8000030517578,94.8000030517578,89.75,91.4499969482422,91.4499969482422,16423000.0,-0.02105615543753081,101.48124961853027,100.8107601928711,-1.9670028686523153
92.77300262451172,94.68800354003906,91.91300201416016,93.18299865722656,93.18299865722656,16620000.0,0.018950265356106888,101.20089950561524,100.61448013305665,1.7330017089843608
93.18299865722656,95.3000030517578,92.3000030517578,92.93900299072266,92.93900299072266,18332000.0,-0.0026184569075893283,100.78304977416992,100.4997201538086,-0.24399566650390625
93.8000030517578,93.9000015258789,88.4540023803711,88.51799774169922,88.51799774169922,36321000.0,-0.04756889042014745,100.08539962768555,100.24210006713867,-4.4210052490234375
85.88600158691406,87.46600341796875,83.94000244140625,87.07599639892578,87.07599639892578,37588000.0,-0.016290487579500912,99.39364929199219,99.94901992797851,-1.4420013427734375
88.39900207519531,90.83699798583984,86.68460083007812,90.13400268554688,90.13400268554688,24375000.0,0.03511882049114079,98.70224952697754,99.67166000366211,3.0580062866210938
88.30599975585938,92.91100311279295,88.0999984741211,92.78900146484376,92.78900146484376,22292000.0,0.02945612865501457,98.2360996246338,99.46372009277344,2.654998779296889
94.03500366210938,95.68599700927734,90.47200012207033,95.4250030517578,95.4250030517578,24901000.0,0.028408556459277978,98.01074981689453,99.4347201538086,2.636001586914034
94.697998046875,95.39700317382812,91.06999969482422,91.88099670410156,91.88099670410156,18302000.0,-0.037139179819926205,97.41884956359863,99.32352005004883,-3.544006347656236
90.95500183105467,92.6999969482422,89.41799926757812,90.86100006103516,90.86100006103516,16441000.0,-0.011101279694986976,96.51524963378907,99.22184005737304,-1.0199966430664062
91.97100067138672,96.125,91.11900329589844,96.09200286865234,96.09200286865234,19808000.0,0.05757148616131569,96.05234985351562,99.2927000427246,5.2310028076171875
97.0009994506836,98.37200164794922,95.0999984741211,96.6500015258789,96.6500015258789,18709000.0,0.005806920873418386,95.67454986572265,99.36944000244141,0.5579986572265625
96.95800018310548,103.0,96.14029693603516,102.56999969482422,102.56999969482422,31176000.0,0.06125192007741642,95.47094993591308,99.40205993652344,5.9199981689453125
103.7689971923828,104.3000030517578,101.43499755859376,102.2969970703125,102.2969970703125,19313000.0,-0.0026616225536120197,94.91419982910156,99.54233993530273,-0.27300262451171875
103.06300354003906,106.34100341796876,102.61499786376952,105.44300079345705,105.44300079345705,17544000.0,0.03075362731304998,94.81339988708496,99.73653991699219,3.1460037231445455
102.0500030517578,105.4000015258789,101.70099639892578,102.89900207519533,102.89900207519533,13282000.0,-0.024126767060100418,94.87985000610351,99.93769989013671,-2.5439987182617188
103.5989990234375,106.58899688720705,101.43800354003906,106.5530014038086,106.5530014038086,15686000.0,0.03551054193842473,95.3423999786377,100.20913986206055,3.653999328613267
106.8000030517578,108.1999969482422,103.0009994506836,104.125,104.125,14524000.0,-0.02278679503927905,95.96165008544922,100.33885986328124,-2.4280014038085938
105.91799926757812,107.7948989868164,104.81600189208984,107.34300231933594,107.34300231933594,12525000.0,0.030905184339360847,96.58225021362304,100.51571990966796,3.2180023193359375
108.10700225830078,108.677001953125,105.6230010986328,106.9209976196289,106.9209976196289,10788000.0,-0.003931366652589086,97.25745010375977,100.54695983886718,-0.42200469970703125
107.25800323486328,109.88770294189452,107.0,109.5999984741211,109.5999984741211,11277000.0,0.025055890930074654,98.16495018005371,100.64127975463867,2.6790008544921875
110.51300048828124,113.0,108.52999877929688,109.0,109.0,13238000.0,-0.005474438708708229,98.95580024719239,100.7732797241211,-0.5999984741210938
109.5989990234375,110.98860168457033,108.6364974975586,110.65899658203124,110.65899658203124,11218000.0,0.01522015212872696,99.84179992675782,100.8203596496582,1.6589965820312358
111.0999984741211,111.43299865722656,106.65899658203124,108.21199798583984,108.21199798583984,11995000.0,-0.022112965703402487,100.82649993896484,100.824599609375,-2.446998596191392
105.8000030517578,108.2750015258789,104.40299987792967,107.83000183105467,107.83000183105467,10577000.0,-0.003530072098245074,101.86420021057128,100.79189971923829,-0.38199615478517046
108.60099792480467,110.3499984741211,106.38099670410156,106.72100067138672,106.72100067138672,10615000.0,-0.010284717989762382,102.69355010986328,100.75005966186524,-1.1090011596679545
107.0780029296875,109.0199966430664,105.4810028076172,106.9000015258789,106.9000015258789,9751000.0,0.001677278636501578,103.39910011291504,100.78181976318359,0.1790008544921875
106.8000030517578,107.841796875,104.60399627685548,105.64900207519533,105.64900207519533,8932000.0,-0.011702520419335394,103.91030006408691,100.88367980957031,-1.2509994506835795
105.49400329589844,106.89600372314452,101.802001953125,102.20099639892578,102.20099639892578,9944000.0,-0.032636424467269776,104.42630004882812,100.98371978759765,-3.4480056762695455
102.6750030517578,103.3915023803711,99.0500030517578,100.70700073242188,100.70700073242188,9814000.0,-0.014618210380966556,104.91860008239746,101.01585983276367,-1.4939956665039062
100.1500015258789,102.6959991455078,99.6269989013672,102.62200164794922,102.62200164794922,10336000.0,0.019015568943568262,105.2451000213623,101.06849990844727,1.9150009155273438
101.9000015258789,104.43879699707033,100.80599975585938,103.80500030517578,103.80500030517578,14135000.0,0.011527729319536162,105.60284996032715,101.16879989624023,1.1829986572265625
106.69300079345705,108.8000030517578,105.7416000366211,108.28900146484376,108.28900146484376,16831000.0,0.04319638886841193,105.88880004882813,101.30865997314453,4.484001159667983
105.81900024414062,106.70899963378906,101.68299865722656,102.6709976196289,102.6709976196289,16774000.0,-0.051879727111887264,105.90750007629394,101.31265991210938,-5.618003845214858
105.25800323486328,105.45600128173828,97.5,97.6999969482422,97.6999969482422,34668000.0,-0.04841679526484255,105.52034988403321,101.24843978881836,-4.9710006713867045
97.38999938964844,98.72959899902344,90.62200164794922,92.54299926757812,92.54299926757812,26758000.0,-0.052784010662723535,105.00254974365234,101.02005981445312,-5.156997680664077
,,,,,,,,,
,,,,,,,,,
,,,,,,,,,
,,,,,,,,,
,,,,,,,,,
,,,,,,,,,
,,,,,,,,,
,,,,,,,,,
,,,,,,,,,
,,,,,,,,,
,,,,,,,,,
,,,,,,,,,
,,,,,,,,,
,,,,,,,,,
,,,,,,,,,
,,,,,,,,,
,,,,,,,,,
,,,,,,,,,
,,,,,,,,,
,,,,,,,,,
,,,,,,,,,
,,,,,,,,,
,,,,,,,,,
,,,,,,,,,
,,,,,,,,,
,,,,,,,,,
,,,,,,,,,
,,,,,,,,,
,,,,,,,,,
,,,,,,,,,
,,,,,,,,,
,,,,,,,,,
,,,,,,,,,
,,,,,,,,,
,,,,,,,,,
,,,,,,,,,
,,,,,,,,,
,,,,,,,,,
,,,,,,,,,
,,,,,,,,,
,,,,,,,,,
,,,,,,,,,
,,,,,,,,,
,,,,,,,,,
,,,,,,,,,
,,,,,,,,,
,,,,,,,,,
,,,,,,,,,
,,,,,,,,,
,,,,,,,,,
,,,,,,,,,
,,,,,,,,,
,,,,,,,,,
,,,,,,,,,
,,,,,,,,,
,,,,,,,,,
,,,,,,,,,
,,,,,,,,,
,,,,,,,,,
,,,,,,,,,
,,,,,,,,,
,,,,,,,,,
,,,,,,,,,
,,,,,,,,,
,,,,,,,,,
,,,,,,,,,
,,,,,,,,,
,,,,,,,,,
,,,,,,,,,
,,,,,,,,,
,,,,,,,,,
,,,,,,,,,
,,,,,,,,,
,,,,,,,,,
,,,,,,,,,
,,,,,,,,,
,,,,,,,,,
,,,,,,,,,
,,,,,,,,,
,,,,,,,,,
,,,,,,,,,
,,,,,,,,,
,,,,,,,,,
,,,,,,,,,
,,,,,,,,,
,,,,,,,,,
,,,,,,,,,
,,,,,,,,,
,,,,,,,,,
,,,,,,,,,
,,,,,,,,,
,,,,,,,,,
,,,,,,,,,
,,,,,,,,,
,,,,,,,,,
113.7239990234375,115.91400146484376,111.0,115.9000015258789,115.9000015258789,7090000.0,0.01610511672345205,125.40015106201172,123.06600021362304,1.8369979858398438
118.31199645996094,119.0,112.4000015258789,114.31700134277344,114.31700134277344,10698000.0,-0.013658327543265902,123.74600143432617,123.08844024658202,-1.5830001831054688
112.22799682617188,117.86499786376952,109.8000030517578,116.91699981689452,116.91699981689452,9168000.0,0.022743760276961122,122.4668514251709,123.24198028564453,2.5999984741210795
114.5,114.8000030517578,110.6259994506836,111.70999908447266,111.70999908447266,10418000.0,-0.044535873658891556,121.12950134277344,123.23870025634766,-5.207000732421861
111.89800262451172,113.73600006103516,110.43599700927734,112.09500122070312,112.09500122070312,8113000.0,0.0034464429270950614,119.55920104980468,123.30598022460937,0.38500213623046875
112.31400299072266,116.08300018310548,112.03800201416016,116.0,116.0,9041000.0,0.034836511323179664,118.45270080566407,123.30692016601563,3.904998779296875
116.5,116.84700012207033,114.2300033569336,116.1999969482422,116.1999969482422,8967000.0,0.0017241116227775244,117.76150054931641,123.25308013916016,0.1999969482422017
117.68099975585938,118.5,110.23500061035156,110.60099792480467,110.60099792480467,10708000.0,-0.048184158093665275,116.78580017089844,123.10982009887695,-5.598999023437528
109.00800323486328,110.39900207519533,105.125,106.16799926757812,106.16799926757812,17682000.0,-0.04008100053708785,115.86870002746582,122.85670013427735,-4.432998657226548
105.26000213623048,108.4980010986328,100.51399993896484,106.52100372314452,106.52100372314452,28402000.0,0.0033249609863770235,114.78990020751954,122.58748016357421,0.35300445556639204
105.36000061035156,107.58280181884766,102.86000061035156,103.99099731445312,103.99099731445312,10552000.0,-0.023751244545789807,113.43974990844727,122.309580078125,-2.530006408691392
102.84600067138672,107.418701171875,101.27999877929688,104.86799621582033,104.86799621582033,15133000.0,0.008433411776168409,112.13784942626953,122.06600006103515,0.8769989013672017
106.8010025024414,111.9499969482422,106.5,110.6500015258789,110.6500015258789,13838000.0,0.05513603309592274,111.56884956359863,121.93106002807617,5.7820053100585795
115.0,117.89800262451172,113.7020034790039,115.54100036621094,115.54100036621094,11602000.0,0.044202429036461544,111.59869956970215,121.83992004394531,4.890998840332031
,,,,,,,,,
117.50800323486328,117.7968978881836,113.59010314941406,114.59500122070312,114.59500122070312,7347000.0,-0.00818756235889806,111.67339973449707,121.73552001953125,-0.9459991455078125
114.4000015258789,117.97000122070312,114.4000015258789,115.61399841308594,115.61399841308594,7102000.0,0.008892160927860049,112.09194984436036,121.65440002441406,1.0189971923828125
115.0,117.49849700927734,114.37899780273438,115.9469985961914,115.9469985961914,6646000.0,0.00288027563855775,112.235599899292,121.56149993896484,0.33300018310546875
118.25499725341795,122.4459991455078,117.9980010986328,122.2689971923828,122.2689971923828,15816000.0,0.0545249007972084,112.90954971313477,121.68733993530273,6.321998596191392
121.1999969482422,123.4499969482422,119.01599884033205,122.7300033569336,122.7300033569336,12388000.0,0.003770425660933663,113.33484992980956,121.9577799987793,0.46100616455079546
122.0,122.5999984741211,118.7354965209961,120.1999969482422,120.1999969482422,10305000.0,-0.020614408371956272,113.64169960021972,122.12063995361328,-2.530006408691392
121.50499725341795,124.8209991455078,121.50499725341795,124.15399932861328,124.15399932861328,10923000.0,0.03289519534741481,114.05439949035645,122.40653991699219,3.9540023803710795
124.8000030517578,125.0,117.60199737548828,117.98600006103516,117.98600006103516,13165000.0,-0.04968023020549295,114.23784942626953,122.47639999389648,-6.167999267578125
120.0,122.1969985961914,118.6999969482422,120.83399963378906,120.83399963378906,9545000.0,0.02413845347143395,114.43369941711425,122.42237991333008,2.8479995727539062
121.0999984741211,121.91899871826172,118.78199768066406,120.77999877929688,120.77999877929688,7345000.0,-0.0004469011590765293,114.88719940185547,122.3896598815918,-0.0540008544921875
119.1999969482422,120.23400115966795,114.31500244140624,114.5780029296875,114.5780029296875,9309000.0,-0.05134952734138021,115.01134948730468,122.15947998046875,-6.201995849609375
113.8010025024414,115.81819915771484,110.72100067138672,112.3010025024414,112.3010025024414,8610000.0,-0.019872928215055485,114.82639961242675,121.83000015258789,-2.2770004272460938
111.60900115966795,114.9813995361328,111.00499725341795,114.20600128173828,114.20600128173828,6237000.0,0.01696332834834191,114.72669982910156,121.42394012451172,1.904998779296875
115.72000122070312,115.72000122070312,109.1999969482422,109.66400146484376,109.66400146484376,10819000.0,-0.03977023769258603,114.67985000610352,120.751240234375,-4.541999816894517
110.38500213623048,110.96029663085938,108.72599792480467,109.90299987792967,109.90299987792967,11936000.0,0.00217936980133393,114.8666000366211,120.02446014404296,0.23899841308590908
111.16899871826172,116.5999984741211,110.72899627685548,116.5999984741211,116.5999984741211,14914000.0,0.06093553955424191,115.37054977416992,119.42984024047851,6.6969985961914205
116.5999984741211,116.91000366210938,113.44290161132812,115.68900299072266,115.68900299072266,12861000.0,-0.00781299738696506,115.9554500579834,118.83264038085937,-0.9109954833984375
121.6780014038086,130.16099548339844,119.2750015258789,128.8800048828125,128.8800048828125,39021000.0,0.11402122544999083,117.156050491333,118.46224060058594,13.191001892089844
129.9499969482422,130.0,122.81300354003906,123.30699920654295,123.30699920654295,16526000.0,-0.04324181769962643,117.78890037536621,118.0783805847168,-5.5730056762695455
121.58499908447266,122.7375030517578,117.55500030517578,118.2509994506836,118.2509994506836,15854000.0,-0.041003347647690314,117.92440032958984,117.67426055908203,-5.055999755859361
118.6729965209961,119.43599700927734,111.91699981689452,112.20099639892578,112.20099639892578,13983000.0,-0.051162384080152834,117.80470008850098,117.04826034545898,-6.0500030517578125
111.5,114.4000015258789,107.2040023803711,114.29399871826172,114.29399871826172,20933000.0,0.018654043961377598,117.73870010375977,116.57154022216797,2.0930023193359375
115.0999984741211,115.78399658203124,110.98500061035156,112.03500366210938,112.03500366210938,12660000.0,-0.019764774016882924,117.54310035705566,116.21176025390625,-2.2589950561523438
111.3010025024414,112.58000183105467,106.71600341796876,109.09300231933594,109.09300231933594,22406000.0,-0.026259662128867656,116.88430061340333,115.79132019042969,-2.9420013427734375
111.81999969482422,112.85890197753906,109.30500030517578,110.86000061035156,110.86000061035156,15599000.0,0.016197173544122423,116.29080047607422,115.51832015991211,1.766998291015625
109.9000015258789,110.23699951171876,106.00499725341795,108.02400207519533,108.02400207519533,13905000.0,-0.025581801547378213,115.68200073242187,115.1168601989746,-2.835998535156236
104.0,112.15899658203124,103.1750030517578,111.0199966430664,111.0199966430664,19243000.0,0.027734526682186456,115.02530059814453,114.71738006591796,2.9959945678710795
108.2979965209961,110.58599853515624,105.56700134277344,108.38999938964844,108.38999938964844,13861000.0,-0.023689401305545976,114.54550056457519,114.26705993652344,-2.6299972534179688
110.2300033569336,110.9000015258789,102.50749969482422,104.7770004272461,104.7770004272461,15549000.0,-0.03333332394821842,113.74265060424804,113.92199996948243,-3.6129989624023438
106.70099639892578,108.80999755859376,104.4000015258789,108.5009994506836,108.5009994506836,10558000.0,0.03554214196104355,113.12870063781739,113.79313995361328,3.7239990234375
107.6520004272461,111.46299743652344,107.01000213623048,109.63899993896484,109.63899993896484,10860000.0,0.010488387148898992,112.88175048828126,113.72389999389648,1.13800048828125
110.5,115.25700378417967,109.13500213623048,113.33599853515624,113.33599853515624,19158000.0,0.0337197402224525,112.93350028991699,113.84576004028321,3.696998596191392
110.5999984741211,117.25900268554688,110.20099639892578,117.03900146484376,117.03900146484376,19420000.0,0.03267278691279074,113.07515029907226,113.92506011962891,3.7030029296875284
118.0,122.42050170898438,117.0,121.48999786376952,121.48999786376952,15517000.0,0.03803002711248138,113.66645011901855,114.17906005859375,4.450996398925753
122.39900207519533,124.5999984741211,119.1999969482422,122.41200256347656,122.41200256347656,16825000.0,0.00758914080104689,114.29190025329589,114.34282012939452,0.9220046997070455
122.4800033569336,127.82599639892578,121.5999984741211,126.14299774169922,126.14299774169922,13985000.0,0.030478997974793698,114.7690502166748,114.58442001342773,3.7309951782226562
126.6999969482422,128.0989990234375,123.19550323486328,124.0,124.0,14564000.0,-0.016988638133425327,115.18460006713867,114.74641998291015,-2.1429977416992188
124.8489990234375,126.8000030517578,123.1999969482422,123.88300323486328,123.88300323486328,11206000.0,-0.0009435222994896852,114.93474998474122,114.93774002075196,-0.11699676513671875
123.19200134277344,125.72200012207033,121.45950317382812,124.08399963378906,124.08399963378906,10401000.0,0.0016224695372029085,114.97360000610351,115.08108001708985,0.20099639892578125
124.84100341796876,127.1790008544922,124.16600036621094,124.28700256347656,124.28700256347656,8817000.0,0.0016360121392493543,115.27540016174316,115.33262008666992,0.2030029296875
,,,,,,,,,
125.41699981689452,127.89299774169922,124.45899963378906,125.15599822998048,125.15599822998048,11748000.0,0.006991846682118608,115.9231502532959,115.59384002685547,0.8689956665039205
125.8000030517578,126.58280181884766,121.8000030517578,122.95899963378906,122.95899963378906,9914000.0,-0.017554081524357446,116.35640029907226,115.73302001953125,-2.1969985961914205
122.3010025024414,122.82150268554688,119.5500030517578,119.9000015258789,119.9000015258789,8098000.0,-0.02487819612245401,116.74965019226075,115.80702011108399,-3.0589981079101562
120.99700164794922,122.43699645996094,120.2239990234375,120.5739974975586,120.5739974975586,6260000.0,0.005621317457066288,117.32369995117188,116.00648010253906,0.6739959716796875
120.91200256347656,123.12000274658205,118.25,123.05500030517578,123.05500030517578,6860000.0,0.020576599093576675,117.93344993591309,116.34422012329101,2.4810028076171875
124.4000015258789,125.2239990234375,121.0,123.0739974975586,123.0739974975586,7119000.0,0.00015437968660925172,118.68594970703126,116.6752799987793,0.0189971923828125
122.75,124.27899932861328,121.4988021850586,121.55599975585938,121.55599975585938,5163000.0,-0.012334024835175539,119.2127498626709,117.02658004760742,-1.5179977416992188
121.5,123.70600128173828,119.80999755859376,123.11000061035156,123.11000061035156,9893000.0,0.012784238191560604,119.94874992370606,117.39142013549805,1.5540008544921875
123.8239974975586,125.0,122.8000030517578,124.7020034790039,124.7020034790039,8850000.0,0.01293154789017592,120.94500007629395,117.67246017456054,1.5920028686523438
124.6999969482422,131.0919952392578,124.53459930419922,130.66400146484375,130.66400146484375,14477000.0,0.047809961504296616,122.05315017700195,117.9749201965332,5.961997985839844
130.89999389648438,135.0,128.60000610351562,132.10800170898438,132.10800170898438,17222000.0,0.011051247688363075,123.17660026550293,118.32518020629882,1.444000244140625
132.42799377441406,137.6999969482422,131.82650756835938,136.6300048828125,136.6300048828125,23230000.0,0.0342295933276584,124.34130058288574,118.74550033569336,4.522003173828125
135.2310028076172,146.10000610351562,135.10000610351562,144.927001953125,144.927001953125,31473000.0,0.060726024839337756,125.7357006072998,119.32510040283204,8.2969970703125
143.5019989013672,148.54949951171875,143.45199584960938,146.68699645996094,146.68699645996094,25490000.0,0.012144006866333878,126.99555053710938,119.8134603881836,1.7599945068359375
147.3260040283203,155.22300720214844,145.25,148.0229949951172,148.0229949951172,32540000.0,0.00910781846651898,128.2761001586914,120.31932022094726,1.33599853515625
148.0,151.63600158691406,146.69700622558594,150.843994140625,150.843994140625,21680000.0,0.019057843989718437,129.5111499786377,120.93220016479492,2.8209991455078125
151.09300231933594,153.4958038330078,149.42999267578125,150.05299377441406,150.05299377441406,13716000.0,-0.0052438306922152345,130.8137996673584,121.45018005371094,-0.7910003662109375
151.33900451660156,152.97999572753906,147.36599731445312,147.8990020751953,147.8990020751953,13401000.0,-0.014354873202043539,132.014599609375,122.04844009399415,-2.15399169921875
148.9949951171875,148.9949951171875,142.9029998779297,147.35400390625,147.35400390625,18024000.0,-0.0036849347277422284,133.17809982299804,122.57884017944336,-0.5449981689453125
148.3780059814453,152.3144989013672,147.8000030517578,149.49899291992188,149.49899291992188,12812000.0,0.014556706684648812,134.4386993408203,123.15322006225585,2.144989013671875
149.71400451660156,151.2969970703125,147.3249969482422,148.2989959716797,148.2989959716797,10581000.0,-0.008026789510782617,135.59584922790526,123.8276399230957,-1.1999969482421875
147.85800170898438,149.17990112304688,145.4040069580078,146.09800720214844,146.09800720214844,10441000.0,-0.014841562177208334,136.75279960632324,124.50358001708985,-2.20098876953125
146.09800720214844,146.94850158691406,144.1999969482422,145.8000030517578,145.8000030517578,7634000.0,-0.0020397550664622566,138.04779968261718,125.13546005249023,-0.298004150390625
146.9980010986328,149.8000030517578,144.90199279785156,146.47500610351562,146.47500610351562,10431000.0,0.004629650463849444,139.34285011291504,125.87168014526367,0.6750030517578125
,,,,,,,,,
146.80599975585938,154.10000610351562,146.76100158691406,153.80299377441406,153.80299377441406,19334000.0,0.0500289289335798,140.88024978637696,126.74968002319336,7.3279876708984375
155.1009979248047,158.7740020751953,150.83700561523438,152.02200317382812,152.02200317382812,16647000.0,-0.01157968747473248,142.32765007019043,127.4581201171875,-1.7809906005859375
147.5,149.9499969482422,145.23199462890625,146.33399963378906,146.33399963378906,16595000.0,-0.03741565971562133,143.56655006408693,128.07102005004882,-5.6880035400390625
147.25,149.69200134277344,145.78799438476562,149.49899291992188,149.49899291992188,12576000.0,0.021628557232450607,144.88599967956543,128.483399810791,3.1649932861328125
150.29299926757812,153.01800537109375,147.60000610351562,149.4739990234375,149.4739990234375,11842000.0,-0.00016718438028384686,146.1245994567871,129.0067398071289,-0.024993896484375
149.25900268554688,153.2270050048828,149.07400512695312,151.64700317382812,151.64700317382812,11928000.0,0.014537673204621404,147.17374954223632,129.6746598815918,2.173004150390625
153.5,155.0,145.89999389648438,146.3000030517578,146.3000030517578,14591000.0,-0.03525951723517551,147.883349609375,130.35664001464843,-5.3470001220703125
147.60000610351562,148.11070251464844,142.0019989013672,144.14999389648438,144.14999389648438,11672000.0,-0.014695892757519702,148.25934906005858,130.95375991821288,-2.1500091552734375
145.427001953125,146.3813934326172,142.60000610351562,144.26300048828125,144.26300048828125,9597000.0,0.0007839514157594873,148.2261489868164,131.59831985473633,0.113006591796875
141.51600646972656,147.53700256347656,139.30099487304688,147.2010040283203,147.2010040283203,14301000.0,0.020365606774397582,148.25184936523436,132.36047988891602,2.9380035400390625
147.73500061035156,153.3520050048828,145.81610107421875,152.47799682617188,152.47799682617188,12863000.0,0.03584889133525415,148.4745994567871,133.1928398132324,5.2769927978515625
151.75100708007812,156.93600463867188,151.56399536132812,156.93600463867188,156.93600463867188,13495000.0,0.029237056528111482,148.77919998168946,134.17107986450196,4.4580078125
156.42599487304688,160.2570037841797,156.42599487304688,159.40899658203125,159.40899658203125,18516000.0,0.015757964203645836,149.24700012207032,135.13885986328125,2.472991943359375
160.8000030517578,165.0,159.59300231933594,164.33200073242188,164.33200073242188,14018000.0,0.030882850127328165,150.06865005493165,136.2576998901367,4.923004150390625
164.92300415039062,165.0,157.67100524902344,158.22799682617188,158.22799682617188,14330000.0,-0.03714434120587995,150.61234970092772,137.32671981811524,-6.10400390625
158.2030029296875,160.24200439453125,151.30349731445312,155.50999450683594,155.50999450683594,17331000.0,-0.01717775851211667,150.91289978027345,138.26689971923827,-2.7180023193359375
157.6999969482422,158.31500244140625,149.70249938964844,153.8000030517578,153.8000030517578,22118000.0,-0.010996022863359767,151.18795013427734,139.15011978149414,-1.709991455078125
152.80599975585938,156.02149963378906,151.0,152.5,152.5,17606000.0,-0.00845255543538792,151.50804977416993,139.933399810791,-1.3000030517578125
149.9949951171875,152.98699951171875,149.02000427246094,149.9929962158203,149.9929962158203,10310000.0,-0.01643936907658816,151.71769943237305,140.59247970581055,-2.5070037841796875
150.38299560546875,155.5,149.3050994873047,153.86700439453125,153.86700439453125,14319000.0,0.02582792714625648,152.08729934692383,141.24001983642577,3.8740081787109375
154.21400451660156,155.97500610351562,149.89999389648438,152.25599670410156,152.25599670410156,16119000.0,-0.010470130985970827,152.00994949340821,141.8368997192383,-1.6110076904296875
152.4080047607422,155.8249969482422,151.7010040283203,155.552001953125,155.552001953125,6691000.0,0.021647786099545208,152.18644943237305,142.4250798034668,3.2960052490234375
155.3209991455078,157.60000610351562,153.38499450683594,154.55499267578125,154.55499267578125,8228000.0,-0.006409491776545484,152.59749908447264,143.03617965698243,-0.99700927734375
153.29100036621094,155.0989990234375,150.127197265625,152.50599670410156,152.50599670410156,6929000.0,-0.01325739101795298,152.74784927368165,143.6086395263672,-2.0489959716796875
152.5800018310547,155.19900512695312,151.00799560546875,154.99899291992188,154.99899291992188,10938000.0,0.016346873366936077,153.02409896850585,144.22693939208983,2.4929962158203125
155.6999969482422,158.33700561523438,151.44349670410156,152.593994140625,152.593994140625,12075000.0,-0.01551622197016067,153.0714485168457,144.79307922363282,-2.404998779296875
153.625,153.74349975585938,148.0800018310547,148.5229949951172,148.5229949951172,9219000.0,-0.026678632854685858,153.18259811401367,145.26041915893555,-4.0709991455078125
148.2530059814453,151.39999389648438,145.593994140625,150.32000732421875,150.32000732421875,10821000.0,0.012099219579841058,153.4910987854004,145.80763931274413,1.7970123291015625
150.0,150.4980010986328,147.5,149.8000030517578,149.8000030517578,6226000.0,-0.003459315108596095,153.76794891357423,146.40563934326173,-0.5200042724609375
149.14599609375,153.4600067138672,146.87100219726562,148.89999389648438,148.89999389648438,12804000.0,-0.006008071675155269,153.85289840698243,146.97215927124023,-0.9000091552734375
148.5679931640625,149.32650756835938,145.80799865722656,148.18699645996094,148.18699645996094,11452000.0,-0.004788431603423127,153.6383483886719,147.47479919433593,-0.7129974365234375
147.45799255371094,151.39999389648438,147.1199951171875,148.91799926757812,148.91799926757812,8204000.0,0.004932975396493067,153.2374481201172,147.99167922973632,0.7310028076171875
147.2010040283203,149.9550018310547,146.31100463867188,146.61099243164062,146.61099243164062,6250000.0,-0.015491793116238606,152.59754791259766,148.49277908325195,-2.3070068359375
147.75999450683594,148.5800018310547,143.75,145.07000732421875,145.07000732421875,7835000.0,-0.010510706474757603,151.6344482421875,148.9319792175293,-1.540985107421875
145.62100219726562,148.81500244140625,145.3079071044922,148.14100646972656,148.14100646972656,8694000.0,0.021169083824779777,151.13009872436524,149.40075927734375,3.0709991455078125
151.00100708007812,156.1999969482422,151.0,153.8509979248047,153.8509979248047,13568000.0,0.03854430040101686,151.04714889526366,149.86449920654297,5.709991455078125
154.14500427246094,155.5970001220703,151.16000366210938,155.2239990234375,155.2239990234375,8031000.0,0.00892422614836641,151.11834869384765,150.32681915283203,1.3730010986328125
154.8990020751953,155.69000244140625,151.41900634765625,151.55799865722656,151.55799865722656,6271000.0,-0.0236174843405329,151.07124862670898,150.6253790283203,-3.6660003662109375
151.6999969482422,153.8990020751953,151.11399841308594,153.14199829101562,153.14199829101562,5210000.0,0.01045144200783188,151.22869873046875,150.78967895507813,1.5839996337890625
154.093994140625,156.0,152.80099487304688,154.89999389648438,154.89999389648438,6600000.0,0.011479513295419075,151.2803482055664,150.9539389038086,1.75799560546875
155.42300415039062,155.42300415039062,152.12899780273438,152.47799682617188,152.47799682617188,5201000.0,-0.01563587582792969,151.29144821166992,151.04303894042968,-2.4219970703125
152.76499938964844,155.2239990234375,152.3280029296875,153.9029998779297,153.9029998779297,5750000.0,0.0093456307232469,151.20899810791016,151.10421905517578,1.4250030517578125
154.24000549316406,158.8000030517578,153.84019470214844,154.25999450683594,154.25999450683594,9417000.0,0.0023196079945770887,151.1942481994629,151.18835906982423,0.35699462890625
154.5,156.80299377441406,154.10000610351562,155.4250030517578,155.4250030517578,6015000.0,0.007552240285281897,151.3401985168457,151.33887908935546,1.165008544921875
,,,,,,,,,
155.4739990234375,156.37660217285156,152.6894989013672,153.6699981689453,153.6699981689453,6118000.0,-0.011291650946457232,151.27374877929688,151.46519897460936,-1.7550048828125
153.6999969482422,153.79400634765625,147.5749969482422,147.781005859375,147.781005859375,10681000.0,-0.038322329535632194,151.03309936523436,151.43083923339844,-5.8889923095703125
149.10000610351562,151.93099975585938,148.59300231933594,150.4080047607422,150.4080047607422,6623000.0,0.01777629598669117,151.12734985351562,151.4730194091797,2.6269989013671875
151.5,151.77099609375,147.9499969482422,148.41000366210938,148.41000366210938,5024000.0,-0.013283874763255321,151.03184967041017,151.5192593383789,-1.9980010986328125
149.1999969482422,149.53900146484375,143.23599243164062,147.68699645996094,147.68699645996094,9754000.0,-0.004871687785915957,150.92619934082032,151.55699920654297,-0.7230072021484375
147.54100036621094,149.1439971923828,144.3000030517578,145.1280059814453,145.1280059814453,7795000.0,-0.01732712114034618,150.73759994506835,151.53005920410158,-2.558990478515625
145.5,147.76400756835938,143.31100463867188,147.49400329589844,147.49400329589844,6501000.0,0.0163028307214228,150.70295028686525,151.40387939453126,2.365997314453125
146.89999389648438,147.92999267578125,145.10000610351562,147.5970001220703,147.5970001220703,7566000.0,0.0006983119575731944,150.63690032958985,151.31537933349608,0.102996826171875
146.66600036621094,148.74600219726562,145.22109985351562,148.62899780273438,148.62899780273438,5468000.0,0.0069919963130047336,150.73780059814453,151.361279296875,1.0319976806640625
144.0030059814453,146.4803009033203,140.11199951171875,143.4530029296875,143.4530029296875,12677000.0,-0.034824932883666726,150.65695037841797,151.2403594970703,-5.175994873046875
144.5,144.86700439453125,142.343994140625,143.71499633789062,143.71499633789062,7709000.0,0.0018263361717951732,150.43564987182617,151.12517944335937,0.261993408203125
144.5,147.47300720214844,142.9040069580078,146.58999633789062,146.58999633789062,5932000.0,0.02000487126089845,150.07259979248047,151.02403930664062,2.875
147.39999389648438,148.49600219726562,145.60000610351562,147.66000366210938,147.66000366210938,6196000.0,0.007299320219316785,149.69440002441405,151.05123931884765,1.07000732421875
147.343994140625,147.59500122070312,142.8000030517578,144.39999389648438,144.39999389648438,8684000.0,-0.02207781176197776,149.33649978637695,151.05623931884764,-3.260009765625
143.60000610351562,145.1699981689453,141.42599487304688,144.38099670410156,144.38099670410156,7652000.0,-0.00013155950959686802,148.89844970703126,151.05859924316405,-0.0189971923828125
142.0,142.55499267578125,135.89999389648438,136.93099975585938,136.93099975585938,13280000.0,-0.051599567244368205,148.0,150.85319915771484,-7.4499969482421875
138.10000610351562,139.2989959716797,134.11399841308594,134.65499877929688,134.65499877929688,10059000.0,-0.016621517265049457,147.10885009765624,150.49673919677736,-2.2760009765625
134.69500732421875,137.69900512695312,134.69500732421875,135.5780029296875,135.5780029296875,7658000.0,0.006854585115725564,146.19260025024414,150.06957916259765,0.923004150390625
136.24600219726562,136.98300170898438,133.9250030517578,135.0760040283203,135.0760040283203,7294000.0,-0.0037026574408794977,145.23340072631837,149.58291931152343,-0.5019989013671875
132.6320037841797,133.89999389648438,128.58999633789062,131.49000549316406,131.49000549316406,11739000.0,-0.02654800577609928,144.03665084838866,148.92607940673827,-3.58599853515625
131.24600219726562,135.60000610351562,131.24600219726562,131.80799865722656,131.80799865722656,7878000.0,0.002418382772666483,142.94355087280275,148.39767944335938,0.3179931640625
131.1719970703125,135.89999389648438,130.53700256347656,134.98800659179688,134.98800659179688,8602000.0,0.024126061900386464,142.30390090942382,147.9872396850586,3.1800079345703125
137.2989959716797,140.64599609375,136.51699829101562,139.85000610351562,139.85000610351562,11086000.0,0.036018011040205966,141.7760009765625,147.70823974609374,4.86199951171875
141.7779998779297,142.89999389648438,137.23570251464844,137.80299377441406,137.80299377441406,8904000.0,-0.014637198711213384,141.24565048217772,147.41429962158202,-2.0470123291015625
136.89999389648438,138.5489959716797,135.3000030517578,135.7010040283203,135.7010040283203,6229000.0,-0.015253585488387511,140.6463508605957,147.12845977783203,-2.10198974609375
136.99400329589844,137.8990020751953,135.10000610351562,135.7220001220703,135.7220001220703,5998000.0,0.0001547232012051314,140.17605056762696,146.76555969238282,0.02099609375
137.6999969482422,139.9510040283203,136.8679962158203,139.89700317382812,139.89700317382812,6402000.0,0.03076143180915958,139.79620056152345,146.51837982177733,4.1750030517578125
141.31500244140625,142.6999969482422,140.17080688476562,140.6750030517578,140.6750030517578,6224000.0,0.005561233337950666,139.45010070800782,146.22083984375,0.7779998779296875
141.4810028076172,142.98699951171875,139.7050018310547,142.45799255371094,142.45799255371094,7320000.0,0.012674529683835312,139.14155044555665,145.9788998413086,1.782989501953125
142.5030059814453,146.6020050048828,141.8000030517578,146.51100158691406,146.51100158691406,8406000.0,0.028450555567635316,139.29445037841796,145.85899993896484,4.053009033203125
147.98500061035156,150.197998046875,147.0,148.57400512695312,148.57400512695312,7261000.0,0.014080878007070696,139.5374008178711,145.73050018310548,2.0630035400390625
149.7949981689453,150.23159790039062,146.20199584960938,148.7469940185547,148.7469940185547,7125000.0,0.0011643281168447484,139.6452507019043,145.65356018066407,0.1729888916015625
147.22000122070312,150.6719970703125,147.22000122070312,149.67100524902344,149.67100524902344,6267000.0,0.006211965737966452,139.74580078125,145.67652038574218,0.92401123046875
147.0,147.2949981689453,140.447998046875,142.5850067138672,142.5850067138672,15291000.0,-0.04734382937674886,139.65505142211913,145.52182037353515,-7.08599853515625
142.88800048828125,143.89999389648438,139.50100708007812,142.51600646972656,142.51600646972656,8001000.0,-0.00048392356062432196,139.5618019104004,145.37614044189453,-0.069000244140625
142.8000030517578,143.01499938964844,135.77099609375,136.3699951171875,136.3699951171875,12910000.0,-0.043125060158380246,139.53375167846679,145.1255404663086,-6.1460113525390625
136.39999389648438,137.9167022705078,133.61099243164062,136.11199951171875,136.11199951171875,14520000.0,-0.0018918795534680344,139.6066017150879,144.88404052734376,-0.25799560546875
135.00399780273438,150.4709930419922,132.85400390625,145.6999969482422,145.6999969482422,37595000.0,0.07044197036939392,140.11270141601562,144.81968048095703,9.587997436523438
143.5,148.81700134277344,141.98199462890625,146.67300415039062,146.67300415039062,12632000.0,0.00667815526786919,140.69255142211915,144.82092071533202,0.9730072021484375
146.50999450683594,153.17599487304688,146.0,152.76199340820312,152.76199340820312,15488000.0,0.04151404202213782,141.7561508178711,144.97476043701172,6.0889892578125
152.3000030517578,153.40199279785156,147.1020050048828,147.66400146484375,147.66400146484375,9064000.0,-0.033372122408332094,142.54895095825196,144.96522033691406,-5.097991943359375
149.5330047607422,149.71800231933594,145.2050018310547,149.53399658203125,149.53399658203125,7089000.0,0.012663852385394803,143.27625045776367,144.8788803100586,1.8699951171875
151.5290069580078,154.92100524902344,149.5500030517578,154.05599975585938,154.05599975585938,9932000.0,0.030240636090719697,143.98655014038087,144.85552032470704,4.522003173828125
153.5,154.99989318847656,151.01800537109375,152.80599975585938,152.80599975585938,6538000.0,-0.00811393260879767,144.73670043945313,144.8804803466797,-1.25
,,,,,,,,,
,,,,,,,,,
,,,,,,,,,
,,,,,,,,,
,,,,,,,,,
,,,,,,,,,
,,,,,,,,,
,,,,,,,,,
,,,,,,,,,
,,,,,,,,,
,,,,,,,,,
,,,,,,,,,
,,,,,,,,,
,,,,,,,,,
,,,,,,,,,
,,,,,,,,,
,,,,,,,,,
,,,,,,,,,
,,,,,,,,,
,,,,,,,,,
,,,,,,,,,
,,,,,,,,,
,,,,,,,,,
,,,,,,,,,
,,,,,,,,,
,,,,,,,,,
,,,,,,,,,
,,,,,,,,,
,,,,,,,,,
,,,,,,,,,
,,,,,,,,,
,,,,,,,,,
,,,,,,,,,
,,,,,,,,,
,,,,,,,,,
,,,,,,,,,
,,,,,,,,,
,,,,,,,,,
,,,,,,,,,
,,,,,,,,,
,,,,,,,,,
,,,,,,,,,
,,,,,,,,,
,,,,,,,,,
,,,,,,,,,
,,,,,,,,,
,,,,,,,,,
,,,,,,,,,
,,,,,,,,,
,,,,,,,,,
,,,,,,,,,
,,,,,,,,,
,,,,,,,,,
,,,,,,,,,
,,,,,,,,,
,,,,,,,,,
,,,,,,,,,
,,,,,,,,,
,,,,,,,,,
,,,,,,,,,
,,,,,,,,,
,,,,,,,,,
,,,,,,,,,
,,,,,,,,,
,,,,,,,,,
,,,,,,,,,
,,,,,,,,,
,,,,,,,,,
,,,,,,,,,
,,,,,,,,,
,,,,,,,,,
,,,,,,,,,
,,,,,,,,,
,,,,,,,,,
,,,,,,,,,
,,,,,,,,,
,,,,,,,,,
,,,,,,,,,
,,,,,,,,,
,,,,,,,,,
,,,,,,,,,
,,,,,,,,,
,,,,,,,,,
,,,,,,,,,
,,,,,,,,,
,,,,,,,,,
,,,,,,,,,
,,,,,,,,,
,,,,,,,,,
,,,,,,,,,
54.14099884033203,55.3224983215332,51.00199890136719,51.255001068115234,51.255001068115234,24949000.0,-0.05845287562665846,64.6850004196167,86.68749977111817,-3.1819992065429688
51.858001708984375,56.29999923706055,51.3650016784668,55.34299850463867,55.34299850463867,26554000.0,0.07975802070691018,63.214900207519534,85.03957977294922,4.0879974365234375
57.45800018310547,62.38600158691406,56.70000076293945,62.23799896240234,62.23799896240234,31596000.0,0.12458668023175057,61.87930030822754,83.5580598449707,6.895000457763665
61.22200012207031,65.77799987792969,60.46099853515625,65.73799896240234,65.73799896240234,30356000.0,0.056235741160546304,61.431950378417966,82.4290998840332,3.500000000000007
64.98799896240234,78.0,64.7300033569336,78.0,78.0,46309000.0,0.1865283585010047,62.03195037841797,81.60907989501953,12.262001037597656
69.9000015258789,71.30500030517578,65.3030014038086,68.34500122070312,68.34500122070312,66699000.0,-0.12378203563201118,62.16480026245117,80.63811996459961,-9.654998779296875
68.91699981689453,73.37799835205078,67.09500122070312,72.70099639892578,72.70099639892578,44498000.0,0.06373538811062507,62.66905002593994,79.80317993164063,4.355995178222656
71.5,73.9489974975586,69.5,70.35900115966797,70.35900115966797,33973000.0,-0.03221407346890803,63.05395011901855,78.94802001953126,-2.3419952392578125
71.03199768066406,71.18099975585938,68.03720092773438,70.5,70.5,24119000.0,0.0020039915008465137,63.25904998779297,78.0433999633789,0.14099884033203125
70.5,70.68499755859375,66.5999984741211,67.9530029296875,67.9530029296875,22331000.0,-0.03612761801861697,63.27195014953613,77.06494003295899,-2.5469970703125
68.49700164794922,71.66000366210938,67.06600189208984,70.16000366210938,70.16000366210938,24524000.0,0.032478339988970095,63.308650207519534,76.33942016601563,2.207000732421875
71.68299865722656,75.87799835205078,70.24400329589844,74.39800262451172,74.39800262451172,29475000.0,0.060404771111651545,63.66135025024414,75.62156021118165,4.237998962402344
72.5719985961914,73.77999877929688,69.19999694824219,70.55999755859375,70.55999755859375,31929000.0,-0.0515874745359558,63.89020004272461,74.92344009399415,-3.8380050659179688
70.85099792480469,70.86399841308594,67.52300262451172,67.59600067138672,67.59600067138672,22227000.0,-0.04200676005899373,64.06625022888184,74.21346008300782,-2.9639968872070312
68.75599670410156,71.68769836425781,67.85099792480469,69.30000305175781,69.30000305175781,29412000.0,0.025208627188685107,64.52705039978028,73.55156021118164,1.7040023803710938
69.63899993896484,73.08899688720703,69.19999694824219,72.72899627685547,72.72899627685547,19590000.0,0.04948041953961613,65.35950012207032,73.24190017700195,3.4289932250976562
72.9000015258789,74.13400268554688,69.20099639892578,70.29199981689453,70.29199981689453,23784000.0,-0.03350790722704444,66.2993501663208,72.7707601928711,-2.4369964599609375
68.46299743652344,68.54399871826172,63.84400177001953,65.65799713134766,65.65799713134766,33372000.0,-0.06592503695467633,66.64400005340576,72.29914016723633,-4.634002685546875
65.5999984741211,66.90499877929688,62.04499816894531,64.39700317382812,64.39700317382812,29001000.0,-0.019205489241423734,67.09795017242432,71.84924026489257,-1.2609939575195312
63.93000030517578,64.1729965209961,60.00600051879883,60.31800079345703,60.31800079345703,41833000.0,-0.06334149384809973,67.39200019836426,71.4240803527832,-4.079002380371094
61.45100021362305,62.89799880981445,59.36800003051758,61.73799896240234,61.73799896240234,39027000.0,0.02354186395878255,67.91615009307861,70.91438034057617,1.4199981689453054
62.75600051879883,64.43699645996094,59.02399826049805,59.10599899291992,59.10599899291992,36801000.0,-0.04263176671931446,68.10430011749267,70.16802024841309,-2.6319999694824148
59.09700012207031,62.20000076293945,57.89500045776367,60.47800064086914,60.47800064086914,28847000.0,0.02321256169130259,68.01630020141602,69.40918029785156,1.3720016479492188
60.24100112915039,60.70000076293945,57.9010009765625,57.95100021362305,57.95100021362305,22825000.0,-0.041783795768182586,67.62695026397705,68.79644035339355,-2.5270004272460938
,,,,,,,,,
57.5,58.6890983581543,55.59999847412109,58.09999847412109,58.09999847412109,23199000.0,0.0025711076590360094,66.6319501876831,68.33956031799316,0.14899826049803977
57.75,61.400001525878906,57.59999847412109,60.5629997253418,60.5629997253418,21425000.0,0.04239244949925047,66.24285011291504,67.79882034301758,2.4630012512207102
59.29800033569336,59.400001525878906,52.5,52.5,52.5,51187000.0,-0.13313408784089575,65.23280029296875,67.11504028320313,-8.062999725341797
53.5009994506836,53.77450180053711,47.25740051269531,48.09999847412109,48.09999847412109,59355000.0,-0.08380955287388403,64.1198501586914,66.3210401916504,-4.400001525878913
48.0,49.27099990844727,45.40299987792969,45.99700164794922,45.99700164794922,44860000.0,-0.04372134912443559,62.89470024108887,65.39104019165039,-2.102996826171868
46.198001861572266,47.584999084472656,45.3390007019043,45.92100143432617,45.92100143432617,40069000.0,-0.0016522862556289653,61.7931001663208,64.52278022766113,-0.07600021362304688
45.50600051879883,45.85300064086914,42.79999923706055,42.80899810791016,42.80899810791016,37412000.0,-0.06776862936812544,60.42554988861084,63.67096015930176,-3.1120033264160085
42.39899826049805,43.99700164794922,41.33200073242188,41.619998931884766,41.619998931884766,31913000.0,-0.02777451537240483,58.78664970397949,62.808460083007816,-1.1889991760253977
42.88100051879883,45.2130012512207,41.117000579833984,44.32799911499024,44.32799911499024,41856000.0,0.06506487872662814,57.475049781799314,61.91602012634277,2.708000183105476
42.20000076293945,46.3380012512207,42.14899826049805,42.68199920654297,42.68199920654297,39769000.0,-0.037132285266867626,56.22934970855713,61.27596015930176,-1.6459999084472727
42.1150016784668,45.41400146484375,42.1150016784668,45.29800033569336,45.29800033569336,33719000.0,0.06129050133034464,55.029249572753905,60.86192016601562,2.6160011291503906
45.17499923706055,47.53499984741211,44.94499969482422,46.52000045776367,46.52000045776367,37363000.0,0.026976910967688283,53.71879978179932,60.47856010437012,1.2220001220703125
45.76599884033203,48.79899978637695,43.90999984741211,48.54899978637695,48.54899978637695,44708000.0,0.0436156343217462,52.631649780273435,60.19722007751465,2.0289993286132812
40.76399993896485,42.48799896240234,39.58599853515625,41.30899810791016,41.30899810791016,113608000.0,-0.14912772066003233,51.41419982910156,59.77018005371094,-7.24000167846679
40.10599899291992,40.14899826049805,35.51300048828125,37.749000549316406,37.749000549316406,102696000.0,-0.08617971196721086,50.08179969787598,59.197200012207034,-3.559997558593757
36.20000076293945,37.17100143432617,33.729000091552734,34.00400161743164,34.00400161743164,64127000.0,-0.09920789629892823,48.766099739074704,58.52338005065918,-3.7449989318847656
35.4900016784668,36.61000061035156,31.799999237060547,33.53900146484375,33.53900146484375,60862000.0,-0.013674865617860577,47.35614986419678,57.805640029907224,-0.4650001525878906
33.194000244140625,34.599998474121094,31.524999618530277,31.858999252319336,31.858999252319336,63287000.0,-0.05009100268788347,45.99379987716675,57.09593997955322,-1.680002212524414
31.36100006103516,38.5,30.80599975585937,35.35100173950195,35.35100173950195,94274000.0,0.10960804071485075,44.737449932098386,56.48329998016357,3.492002487182617
37.21799850463867,40.86299896240234,37.21799850463867,40.24800109863281,40.24800109863281,61514000.0,0.13852505213901334,43.852299976348874,56.006760063171384,4.896999359130859
39.7760009765625,39.82400131225586,35.69499969482422,35.994998931884766,35.994998931884766,54134000.0,-0.10566989789941439,42.74704999923706,55.5249800491333,-4.253002166748047
37.40079879760742,38.49700164794922,34.63819885253906,37.26399993896485,37.26399993896485,47196000.0,0.03525492553789156,41.582100009918214,55.148660011291504,1.2690010070800852
36.305999755859375,37.97299957275391,35.50199890136719,36.0620002746582,36.0620002746582,42404000.0,-0.03225632423452707,40.76020002365112,54.840000038146975,-1.2019996643066477
36.21599960327149,41.369998931884766,36.04999923706055,39.132999420166016,39.132999420166016,76018000.0,0.08515886867390132,40.31185007095337,54.447360038757324,3.0709991455078125
40.06900024414063,40.39899826049805,34.000999450683594,36.3849983215332,36.3849983215332,56643000.0,-0.07022209233511278,39.83124990463257,54.068699989318844,-2.7480010986328125
36.20100021362305,36.87900161743164,34.20000076293945,36.8489990234375,36.8489990234375,40429000.0,0.012752527780925949,39.377649784088135,53.71693996429443,0.4640007019042969
35.64099884033203,35.64099884033203,31.899999618530277,32.48400115966797,32.48400115966797,44375000.0,-0.11845634832558705,38.86139993667602,53.34151996612549,-4.364997863769531
32.948001861572266,33.67499923706055,31.799999237060547,33.31100082397461,33.31100082397461,37994000.0,0.025458676110794,38.44595003128052,52.900880012512204,0.8269996643066406
32.972999572753906,35.71269989013672,32.53499984741211,35.13199996948242,35.13199996948242,30734000.0,0.05466659963567366,37.986150074005124,52.358760032653805,1.8209991455078125
35.676998138427734,37.18149948120117,35.563499450683594,36.90399932861328,36.90399932861328,31135000.0,0.05043832860839448,37.697250080108645,51.78208003997803,1.7719993591308594
,,,,,,,,,
37.44100189208984,38.7400016784668,36.220001220703125,37.512001037597656,37.512001037597656,36062000.0,0.016475225451052067,37.30795011520386,50.97232006072998,0.608001708984375
37.9640007019043,39.29399871826172,35.1879997253418,36.15299987792969,36.15299987792969,38709000.0,-0.03622843682228161,36.78960008621216,50.32848003387451,-1.3590011596679688
36.24700164794922,40.09999847412109,36.20100021362305,39.887001037597656,39.887001037597656,40150000.0,0.10328330075722048,36.35650014877319,49.67220012664795,3.7340011596679688
37.9900016784668,38.55039978027344,34.82699966430664,35.36600112915039,35.36600112915039,50216000.0,-0.11334519494673845,36.0593502998352,48.9723401260376,-4.520999908447266
36.70000076293945,37.45600128173828,35.452999114990234,36.0620002746582,36.0620002746582,37865000.0,0.019679893776119783,35.97500028610229,48.28358013153076,0.6959991455078125
35.4109992980957,38.13199996948242,35.0,38.07400131225586,38.07400131225586,47707000.0,0.05579282963434351,36.17850027084351,47.68600009918213,2.0120010375976562
38.09999847412109,39.60499954223633,37.70899963378906,39.14699935913086,39.14699935913086,35180000.0,0.02818190917405916,36.458900165557864,47.06574001312256,1.072998046875
38.52099990844727,39.75199890136719,37.10499954223633,37.13899993896485,37.13899993896485,33993000.0,-0.05129382719080999,36.722900199890134,46.32055995941162,-2.0079994201660085
35.5,36.28099822998047,33.930999755859375,34.84299850463867,34.84299850463867,40240000.0,-0.061821843294097456,36.69750003814697,45.60621997833252,-2.296001434326179
33.141998291015625,34.013999938964844,31.16399955749512,31.29400062561035,31.29400062561035,40666000.0,-0.10185684445487209,36.24980001449585,44.880179977416994,-3.5489978790283203
31.660999298095703,32.07699966430664,29.76409912109375,30.35400009155273,30.35400009155273,38194000.0,-0.03003772337399213,35.96775007247925,44.10125991821289,-0.9400005340576207
30.56999969482422,33.09749984741211,30.479799270629883,32.60300064086914,32.60300064086914,47767000.0,0.07409239449604832,35.73470010757446,43.298740005493165,2.24900054931641
31.481000900268555,31.93099975585937,29.957000732421875,30.52300071716309,30.52300071716309,40943000.0,-0.06379780642333543,35.457750129699704,42.50336002349854,-2.079999923706051
30.690000534057617,32.58599853515625,30.631000518798828,31.68899917602539,31.68899917602539,37008000.0,0.03820064972205239,35.08555011749267,41.82398006439209,1.1659984588623011
,,,,,,,,,
32.400001525878906,33.68199920654297,32.1609992980957,32.82500076293945,32.82500076293945,31601000.0,0.0358484526634566,34.90755023956299,41.19254001617432,1.1360015869140625
32.4379997253418,34.82500076293945,32.25299835205078,33.854000091552734,33.854000091552734,34586000.0,0.031348036700582727,34.75780029296875,40.663260002136234,1.0289993286132812
33.849998474121094,36.527000427246094,33.2130012512207,36.382999420166016,36.382999420166016,43753000.0,0.07470311696620802,34.95275020599365,40.156160011291504,2.5289993286132812
36.45100021362305,38.78969955444336,36.382999420166016,38.52299880981445,38.52299880981445,46653000.0,0.05881866321505913,35.21335010528564,39.7445000076294,2.1399993896484375
39.24800109863281,39.5,35.82899856567383,37.32099914550781,37.32099914550781,58165000.0,-0.031202131231808705,35.32280006408691,39.28135997772217,-1.2019996643066406
37.13199996948242,38.04899978637695,34.65599822998047,35.0260009765625,35.0260009765625,44122000.0,-0.06149348145791944,35.22890014648438,38.82285999298096,-2.2949981689453125
34.400001525878906,34.97999954223633,32.470001220703125,33.04999923706055,33.04999923706055,30879400.0,-0.056415282487549345,35.00580005645752,38.321860008239746,-1.9760017395019531
32.650001525878906,33.34000015258789,30.86000061035156,31.239999771118164,31.239999771118164,26019600.0,-0.05476549191301472,34.760150051116945,37.73540000915527,-1.8099994659423828
32.08000183105469,33.060001373291016,30.700000762939453,31.40999984741211,31.40999984741211,20371600.0,0.005441743839291302,34.33629999160767,37.31360000610351,0.1700000762939453
,,,,,,,,,
30.84000015258789,34.279998779296875,29.71999931335449,34.0,34.0,29111300.0,0.08245782124068635,34.267999935150144,37.03160003662109,2.5900001525878906
34.13999938964844,35.310001373291016,32.75,33.040000915527344,33.040000915527344,25782300.0,-0.028235267190372282,34.1168999671936,36.772460021972655,-0.9599990844726562
32.84000015258789,35.47999954223633,32.29999923706055,35.33000183105469,35.33000183105469,23042300.0,0.06930995314988464,33.97969999313354,36.560640029907226,2.2900009155273438
34.25,36.75,34.099998474121094,35.56999969482422,35.56999969482422,22067200.0,0.0067930328709628895,33.800850009918214,36.41586006164551,0.23999786376953125
34.7599983215332,35.099998474121094,32.040000915527344,32.31999969482422,32.31999969482422,22534000.0,-0.0913691320743224,33.559899997711184,36.229860076904295,-3.25
32.56999969482422,33.47999954223633,31.700000762939453,32.380001068115234,32.380001068115234,21445000.0,0.0018564781515335582,33.43675012588501,35.990900115966795,0.060001373291015625
31.350000381469727,33.209999084472656,30.280000686645508,32.150001525878906,32.150001525878906,26325800.0,-0.007103135721104437,33.479550170898435,35.780260162353514,-0.22999954223632812
31.84000015258789,32.25,30.3799991607666,30.670000076293945,30.670000076293945,24247400.0,-0.04603425752230972,33.495350170135495,35.48770015716553,-1.480001449584961
31.290000915527344,31.84000015258789,30.020000457763672,31.270000457763672,31.270000457763672,22398700.0,0.019563103357586487,33.42870016098023,35.18270015716553,0.6000003814697266
31.920000076293945,34.20000076293945,31.82999992370605,32.540000915527344,32.540000915527344,28950700.0,0.04061402108001433,33.52955017089844,34.862520179748536,1.2700004577636719
34.02000045776367,34.380001068115234,32.040000915527344,34.369998931884766,34.369998931884766,27254900.0,0.056238413179766855,33.66360015869141,34.72374019622803,1.8299980163574219
34.189998626708984,38.84000015258789,33.95000076293945,38.4900016784668,38.4900016784668,42330800.0,0.11987206501656122,33.94685020446777,34.73856021881104,4.120002746582031
37.970001220703125,40.68000030517578,37.84999847412109,40.400001525878906,40.400001525878906,39578500.0,0.0496232726453909,34.27415027618408,34.86648021697998,1.9099998474121094
39.400001525878906,39.85900115966797,36.76499938964844,37.34999847412109,37.34999847412109,28254400.0,-0.07549512219211396,34.322500228881836,34.942700157165525,-3.0500030517578196
37.04999923706055,37.43000030517578,35.709999084472656,36.709999084472656,36.709999084472656,19770500.0,-0.017135191855278675,34.23185024261475,35.039720153808595,-0.6399993896484304
31.809999465942383,31.950000762939453,30.549999237060547,31.549999237060547,31.549999237060547,65071900.0,-0.14056115434758076,33.94330024719238,34.96370010375976,-5.159999847412109
31.459999084472656,35.47999954223633,31.309999465942383,35.2400016784668,35.2400016784668,79941500.0,0.11695729098692809,33.954000282287595,34.86354011535644,3.69000244140625
34.70000076293945,36.15999984741211,33.599998474121094,35.90999984741211,35.90999984741211,33198400.0,0.01901243294646915,34.09700031280518,34.861840133666995,0.6699981689453125
35.209999084472656,36.64899826049805,33.75,34.83000183105469,34.83000183105469,31716800.0,-0.030075132858438436,34.276500415802005,34.81316017150879,-1.0799980163574219
34.900001525878906,37.41999816894531,34.04999923706055,36.43999862670898,36.43999862670898,26421500.0,0.046224424663073194,34.528000354766846,34.8207201385498,1.6099967956542898
35.70000076293945,38.97999954223633,35.54999923706055,37.7400016784668,37.7400016784668,29707000.0,0.035675167419050746,34.71500043869018,34.79286018371582,1.3000030517578196
38.29999923706055,42.150001525878906,38.29999923706055,41.93000030517578,41.93000030517578,38072800.0,0.11102274616748775,35.159500408172605,34.90376022338867,4.189998626708984
41.95000076293945,42.59000015258789,40.17499923706055,41.02000045776367,41.02000045776367,31569700.0,-0.021702834266370874,35.44400033950806,34.9871802520752,-0.9099998474121094
39.27000045776367,42.54999923706055,39.040000915527344,40.810001373291016,40.810001373291016,28771500.0,-0.005119431548736397,35.7060004234314,35.153700256347655,-0.20999908447265625
41.40999984741211,42.45000076293945,39.27000045776367,39.77000045776367,39.77000045776367,29845900.0,-0.025483971588591836,36.07850046157837,35.282880249023435,-1.0400009155273438
38.75,38.84000015258789,36.310001373291016,36.75,36.75,34712100.0,-0.07593664629124053,36.29700040817261,35.31524024963379,-3.020000457763672
39.43999862670898,40.869998931884766,37.970001220703125,40.61000061035156,40.61000061035156,39813100.0,0.10503403021364788,36.72000036239624,35.38936027526856,3.8600006103515625
42.81999969482422,45.43000030517578,39.65999984741211,40.41999816894531,40.41999816894531,55567200.0,-0.0046787106267075496,37.207500267028806,35.44752021789551,-0.19000244140625
41.29999923706055,41.52999877929688,39.61000061035156,40.7599983215332,40.7599983215332,29889600.0,0.008411681543546212,37.682000160217285,35.53966018676758,0.3400001525878906
40.13999938964844,41.09999847412109,38.86000061035156,39.84000015258789,39.84000015258789,28841600.0,-0.022571104191122737,38.047000122070315,35.53872016906738,-0.9199981689453125
39.93000030517578,40.38999938964844,37.630001068115234,39.58000183105469,39.58000183105469,30792100.0,-0.006526062262485088,38.30750026702881,35.62300018310547,-0.2599983215332031
38.75,39.01499938964844,37.09999847412109,37.29999923706055,37.29999923706055,29058800.0,-0.05760491380789268,38.248000144958496,35.647760162353514,-2.2800025939941406
37.290000915527344,37.380001068115234,36.0099983215332,36.86000061035156,36.86000061035156,20334700.0,-0.011796210072621438,38.07100009918213,35.62348014831543,-0.4399986267089844
36.09000015258789,36.43999862670898,34.11000061035156,34.20000076293945,34.20000076293945,28335200.0,-0.07216494311899413,37.913500213623045,35.5245401763916,-2.6599998474121094
33.38999938964844,33.97999954223633,32.56999969482422,33.18000030517578,33.18000030517578,23788800.0,-0.029824574123079706,37.7370002746582,35.44536018371582,-1.0200004577636719
33.04999923706055,33.79999923706055,32.380001068115234,32.470001220703125,32.470001220703125,20640400.0,-0.02139840500127732,37.78300037384033,35.39790023803711,-0.7099990844726562
32.68000030517578,34.26499938964844,32.40999984741211,33.290000915527344,33.290000915527344,23435800.0,0.025254070341746093,37.68550033569336,35.437820243835446,0.8199996948242188
33.7400016784668,34.709999084472656,33.290000915527344,34.34000015258789,34.34000015258789,23870600.0,0.03154097951889212,37.60700035095215,35.51754024505615,1.0499992370605469
34.369998931884766,34.59000015258789,31.799999237060547,32.41999816894531,32.41999816894531,30300000.0,-0.055911531016632376,37.48650016784668,35.51388019561767,-1.9200019836425781
31.76000022888184,33.20000076293945,31.76000022888184,31.940000534057617,31.940000534057617,21041800.0,-0.014805603392892164,37.26150026321411,35.542220191955565,-0.4799976348876953
32.470001220703125,32.90999984741211,30.530000686645508,31.36000061035156,31.36000061035156,33550300.0,-0.01815904552310843,36.94250020980835,35.53564022064209,-0.5799999237060582
31.979999542236328,33.349998474121094,31.34000015258789,31.649999618530277,31.649999618530277,26208600.0,0.009247417172657535,36.428500175476074,35.51214019775391,0.28999900817871804
30.940000534057617,31.36000061035156,29.82099914550781,31.270000457763672,31.270000457763672,28553500.0,-0.012006292743969693,35.94100017547608,35.46046020507813,-0.3799991607666051
31.799999237060547,31.989999771118164,29.86000061035156,30.11000061035156,30.11000061035156,31478500.0,-0.03709625297188346,35.4060001373291,35.33500022888184,-1.159999847412113
,,,,,,,,,
30.149999618530277,30.36000061035156,29.06999969482422,29.84000015258789,29.84000015258789,25659500.0,-0.008967135579228236,34.90950012207031,35.16134025573731,-0.2700004577636683
29.959999084472656,31.097999572753903,29.3700008392334,30.979999542236328,30.979999542236328,22289300.0,0.038203732701709514,34.621000099182126,35.03452026367187,1.1399993896484375
30.420000076293945,32.029998779296875,29.88999938964844,31.940000534057617,31.940000534057617,30419400.0,0.030987766494718016,34.18750009536743,34.97280025482178,0.9600009918212891
32.439998626708984,34.900001525878906,32.34000015258789,34.810001373291016,34.810001373291016,40584300.0,0.08985600473528854,33.90700025558472,35.00800029754639,2.8700008392333984
34.75,35.810001373291016,34.599998474121094,35.15999984741211,35.15999984741211,24260600.0,0.010054537785501028,33.62700033187866,35.08640029907227,0.34999847412109375
32.75,33.52000045776367,32.400001525878906,32.70000076293945,32.70000076293945,29833300.0,-0.0699658445719169,33.27000036239624,35.112200317382815,-2.4599990844726562
32.58000183105469,33.72999954223633,31.88999938964844,33.689998626708984,33.689998626708984,22981700.0,0.030275163323284948,32.97550020217896,35.10600028991699,0.9899978637695312
33.15999984741211,34.72999954223633,32.939998626708984,33.849998474121094,33.849998474121094,23235200.0,0.0047491793984599795,32.803000164031985,35.12220024108887,0.15999984741210938
32.43000030517578,32.83000183105469,31.21999931335449,31.729999542236328,31.729999542236328,31975500.0,-0.0626292179453285,32.54650011062622,35.0502001953125,-2.1199989318847656
31.170000076293945,33.029998779296875,31.13999938964844,32.939998626708984,32.939998626708984,25049700.0,0.03813422949666312,32.4835000038147,34.9976001739502,1.2099990844726562
32.310001373291016,32.38999938964844,30.790000915527344,30.950000762939453,30.950000762939453,26104100.0,-0.06041280955476325,32.37200002670288,34.9702001953125,-1.9899978637695312
31.040000915527344,32.43000030517578,30.5,30.549999237060547,30.549999237060547,28911800.0,-0.012924120065220812,32.27599992752075,34.933600158691405,-0.40000152587890625
30.209999084472656,30.569000244140625,28.31999969482422,28.56999969482422,28.56999969482422,34457100.0,-0.06481177059521392,32.039999866485594,34.86200012207031,-1.9799995422363281
28.40999984741211,28.90999984741211,27.649999618530277,28.76000022888184,28.76000022888184,27542900.0,0.006650351280614197,31.760999870300292,34.82380012512207,0.19000053405762074
28.670000076293945,29.940000534057617,28.239999771118164,28.25,28.25,25033100.0,-0.0177329702650586,31.552499961853027,34.763400115966796,-0.5100002288818395
29.030000686645508,29.399999618530277,27.65999984741211,27.850000381469727,27.850000381469727,23308500.0,-0.014159278532045128,31.34799995422363,34.669600105285646,-0.39999961853027344
27.940000534057617,29.3700008392334,27.65999984741211,29.239999771118164,29.239999771118164,24820600.0,0.04991021079386715,31.241999912261964,34.56700012207031,1.3899993896484375
28.31999969482422,28.600000381469727,26.51000022888184,26.770000457763672,26.770000457763672,32086900.0,-0.08447330139154918,30.997999954223634,34.33260009765625,-2.469999313354492
26.56999969482422,28.13999938964844,26.3799991607666,26.940000534057617,26.940000534057617,24803900.0,0.006350394971496698,30.78149995803833,34.06340007781982,0.1700000762939453
27.299999237060547,28.21999931335449,26.479999542236328,27.76000022888184,27.76000022888184,26422900.0,0.03043799846208528,30.663999938964842,33.87160011291504,0.8199996948242223
29.07999992370605,31.84499931335449,29.0,31.530000686645508,31.530000686645508,43031000.0,0.13580693179682735,30.748499965667726,33.7680001449585,3.7700004577636683
30.420000076293945,31.25,30.1200008392334,30.82999992370605,30.82999992370605,24091900.0,-0.022201102051860766,30.74099998474121,33.753600158691405,-0.7000007629394567
30.549999237060547,31.07999992370605,29.780000686645508,30.059999465942383,30.059999465942383,36022000.0,-0.02497568795553562,30.64699993133545,33.65000011444092,-0.7700004577636683
29.07999992370605,29.190000534057617,27.01000022888184,27.209999084472656,27.209999084472656,29793400.0,-0.09481039361623222,30.266999816894533,33.47600009918213,-2.8500003814697266
27.280000686645508,27.280000686645508,26.01000022888184,26.450000762939453,26.450000762939453,21516600.0,-0.027930847008623916,29.8314998626709,33.308400077819826,-0.7599983215332031
26.399999618530277,26.57999992370605,24.950000762939453,25.670000076293945,25.670000076293945,32098000.0,-0.02948962813409095,29.479999828338624,33.09300010681152,-0.7800006866455078
25.65999984741211,26.450000762939453,25.2549991607666,25.989999771118164,25.989999771118164,20772500.0,0.01246590159225347,29.094999885559083,32.85800006866455,0.31999969482421875
24.11000061035156,26.559999465942383,23.6299991607666,26.239999771118164,26.239999771118164,34677500.0,0.00961908434788894,28.714499950408936,32.544200057983396,0.25
26.989999771118164,27.38999938964844,25.979999542236328,26.059999465942383,26.059999465942383,30443800.0,-0.006859767787570803,28.430999946594238,32.24500003814697,-0.18000030517578125
27.450000762939453,27.9950008392334,27.06999969482422,27.76000022888184,27.76000022888184,22387300.0,0.06523410582418365,28.172000026702882,31.98400001525879,1.7000007629394567
29.25,29.71999931335449,28.32999992370605,28.729999542236328,28.729999542236328,22754300.0,0.034942338089222647,28.060999965667726,31.76319999694824,0.9699993133544886
28.450000762939453,28.6299991607666,27.84000015258789,28.350000381469727,28.350000381469727,22677700.0,-0.013226563411807946,27.951000022888184,31.595200004577638,-0.37999916076660156
28.5,30.81999969482422,28.3799991607666,29.729999542236328,29.729999542236328,37547100.0,0.04867721841967243,28.00900001525879,31.377599983215333,1.3799991607666016
29.030000686645508,29.75,28.03499984741211,29.75,29.75,32835900.0,0.000672736564804044,28.058500003814697,31.164200019836425,0.020000457763671875
29.31999969482422,29.38999938964844,27.82999992370605,28.75,28.75,24463900.0,-0.03361344537815125,28.0835000038147,30.924000053405763,-1.0
29.15999984741211,30.15999984741211,29.149999618530277,29.82999992370605,29.82999992370605,19598800.0,0.03756521473760177,28.182499980926515,30.723800048828124,1.0799999237060511
29.200000762939453,30.8700008392334,28.549999237060547,29.059999465942383,29.059999465942383,29275000.0,-0.025812955405063343,28.173499965667723,30.51340000152588,-0.7700004577636683
31.030000686645508,34.599998474121094,30.899999618530277,34.099998474121094,34.099998474121094,85884000.0,0.17343424297324805,28.539999866485594,30.44939998626709,5.039999008178711
33.84000015258789,34.779998779296875,32.58000183105469,34.189998626708984,34.189998626708984,39189500.0,0.0026393007805027846,28.902499771118165,30.395999946594237,0.09000015258789062
34.06999969482422,36.15999984741211,33.900001525878906,34.22999954223633,34.22999954223633,46021100.0,0.0011699595534964136,29.225999736785887,30.396599922180176,0.04000091552734375
35.380001068115234,36.400001525878906,34.720001220703125,34.790000915527344,34.790000915527344,32527700.0,0.016359958538709085,29.38899974822998,30.428799934387207,0.5600013732910156
34.93000030517578,36.060001373291016,33.505001068115234,33.5099983215332,33.5099983215332,34905000.0,-0.036792255254665895,29.522999668121336,30.44959987640381,-1.2800025939941406
32.91999816894531,35.15599822998047,32.83000183105469,33.7400016784668,33.7400016784668,23395000.0,0.006863723320027715,29.70699977874756,30.458599891662598,0.23000335693359375
34.72999954223633,35.0,31.32999992370605,32.150001525878906,32.150001525878906,30310900.0,-0.04712507627415574,29.95399990081787,30.414799919128416,-1.5900001525878906
,,,,,,,,,
,,,,,,,,,
,,,,,,,,,
,,,,,,,,,
,,,,,,,,,
,,,,,,,,,
,,,,,,,,,
,,,,,,,,,
,,,,,,,,,
,,,,,,,,,
,,,,,,,,,
,,,,,,,,,
,,,,,,,,,
,,,,,,,,,
,,,,,,,,,
,,,,,,,,,
,,,,,,,,,
,,,,,,,,,
,,,,,,,,,
,,,,,,,,,
,,,,,,,,,
,,,,,,,,,
,,,,,,,,,
,,,,,,,,,
,,,,,,,,,
,,,,,,,,,
,,,,,,,,,
,,,,,,,,,
,,,,,,,,,
,,,,,,,,,
,,,,,,,,,
,,,,,,,,,
,,,,,,,,,
,,,,,,,,,
,,,,,,,,,
,,,,,,,,,
,,,,,,,,,
,,,,,,,,,
,,,,,,,,,
,,,,,,,,,
,,,,,,,,,
,,,,,,,,,
,,,,,,,,,
,,,,,,,,,
,,,,,,,,,
,,,,,,,,,
,,,,,,,,,
,,,,,,,,,
,,,,,,,,,
,,,,,,,,,
,,,,,,,,,
,,,,,,,,,
,,,,,,,,,
,,,,,,,,,
,,,,,,,,,
,,,,,,,,,
,,,,,,,,,
,,,,,,,,,
,,,,,,,,,
,,,,,,,,,
,,,,,,,,,
,,,,,,,,,
,,,,,,,,,
,,,,,,,,,
,,,,,,,,,
,,,,,,,,,
,,,,,,,,,
,,,,,,,,,
,,,,,,,,,
,,,,,,,,,
,,,,,,,,,
,,,,,,,,,
,,,,,,,,,
,,,,,,,,,
,,,,,,,,,
,,,,,,,,,
,,,,,,,,,
,,,,,,,,,
,,,,,,,,,
,,,,,,,,,
,,,,,,,,,
,,,,,,,,,
,,,,,,,,,
,,,,,,,,,
,,,,,,,,,
,,,,,,,,,
,,,,,,,,,
,,,,,,,,,
,,,,,,,,,
,,,,,,,,,
40.52000045776367,42.76499938964844,39.790000915527344,41.77999877929688,41.77999877929688,18922300.0,0.007718275491811921,43.47399978637695,43.30379974365234,0.31999969482422586
42.959999084472656,44.209999084472656,42.86000061035156,43.79999923706055,43.79999923706055,16867700.0,0.048348504470627995,43.22899971008301,43.47779975891113,2.0200004577636648
42.630001068115234,43.560001373291016,42.09000015258789,43.540000915527344,43.540000915527344,17052200.0,-0.005936034841599103,42.900499725341795,43.65439979553223,-0.2599983215332031
43.4900016784668,44.84999847412109,42.02000045776367,44.66999816894531,44.66999816894531,15374500.0,0.02595308290439169,42.46449966430664,43.83419975280762,1.1299972534179688
44.22999954223633,45.380001068115234,43.75,44.68000030517578,44.68000030517578,17938000.0,0.0002239117224192011,42.452999687194826,43.97699974060058,0.01000213623046875
44.11000061035156,44.2400016784668,42.77999877929688,43.880001068115234,43.880001068115234,15361600.0,-0.017905085756408923,42.466499710083006,44.1355997467041,-0.7999992370605469
44.09999847412109,46.04999923706055,44.09999847412109,45.7400016784668,45.7400016784668,14747400.0,0.04238834469179409,42.68249988555908,44.31339981079102,1.8600006103515625
45.709999084472656,47.31999969482422,44.720001220703125,44.959999084472656,44.959999084472656,17080900.0,-0.0170529638253456,42.82899990081787,44.46879981994629,-0.7800025939941406
45.81999969482422,46.94200134277344,45.119998931884766,45.790000915527344,45.790000915527344,15348800.0,0.018460895194754023,42.99949989318848,44.654599838256836,0.8300018310546875
45.20000076293945,45.57899856567383,44.23500061035156,44.97999954223633,44.97999954223633,11154500.0,-0.017689481482765057,43.21099987030029,44.82539985656738,-0.8100013732910156
45.36000061035156,45.880001068115234,44.25,45.06999969482422,45.06999969482422,10729600.0,0.0020008926968391183,43.44049987792969,44.99159988403321,0.09000015258789062
44.97999954223633,45.38999938964844,44.0,44.310001373291016,44.310001373291016,8872500.0,-0.016862620960267694,43.598999977111816,45.09999992370606,-0.7599983215332031
44.75,46.72999954223633,44.75,46.70000076293945,46.70000076293945,14238100.0,0.05393814749662984,43.92900009155274,45.234399948120114,2.3899993896484375
47.2400016784668,47.31999969482422,46.02000045776367,46.5099983215332,46.5099983215332,12119100.0,-0.004068574695977989,44.19549999237061,45.38119995117187,-0.19000244140625
46.4900016784668,48.1349983215332,45.95000076293945,47.93999862670898,47.93999862670898,13503600.0,0.030746083783746547,44.42249984741211,45.578799896240234,1.4300003051757741
47.25,47.7599983215332,46.58000183105469,47.68000030517578,47.68000030517578,10349800.0,-0.005423411117670418,44.632499885559085,45.722799911499024,-0.259998321533196
47.77999877929688,48.2599983215332,47.31999969482422,47.59000015258789,47.59000015258789,11378400.0,-0.0018875870807852912,44.888999938964844,45.79379989624024,-0.09000015258789062
47.34000015258789,47.41999816894531,45.18000030517578,45.18999862670898,45.18999862670898,12283100.0,-0.05043079466660616,44.96349983215332,45.843799896240235,-2.4000015258789134
44.68000030517578,45.630001068115234,43.5,45.34999847412109,45.34999847412109,11908500.0,0.003540603059844827,45.080999755859374,45.80419982910156,0.15999984741210938
,,,,,,,,,
44.68999862670898,45.61000061035156,44.04899978637695,45.34999847412109,45.34999847412109,9589600.0,0.0,45.275499725341795,45.74459976196289,0.0
45.09000015258789,45.54999923706055,44.18000030517578,44.77999877929688,44.77999877929688,9268300.0,-0.012568902183083264,45.425499725341794,45.638599700927735,-0.5699996948242045
47.13999938964844,48.75,45.220001220703125,45.29999923706055,45.29999923706055,30890300.0,0.01161233747072088,45.5004997253418,45.60079971313476,0.5200004577636648
45.75,46.720001220703125,45.630001068115234,45.72999954223633,45.72999954223633,12856300.0,0.009492280627324767,45.609999656677246,45.52999969482422,0.43000030517578125
45.5099983215332,46.47499847412109,45.10699844360352,46.38999938964844,46.38999938964844,9819500.0,0.014432535622540987,45.695999717712404,45.452599716186526,0.6599998474121094
46.11000061035156,48.81999969482422,45.90999984741211,48.52000045776367,48.52000045776367,17277700.0,0.045915091531355534,45.8879997253418,45.35039970397949,2.1300010681152344
48.970001220703125,49.86000061035156,48.630001068115234,49.20000076293945,49.20000076293945,13933400.0,0.014014845399016762,46.153999710083006,45.27579971313477,0.6800003051757812
48.41999816894531,49.400001525878906,48.310001373291016,49.04999923706055,49.04999923706055,10237300.0,-0.003048811454326228,46.3194995880127,45.22539970397949,-0.15000152587890625
48.400001525878906,48.7400016784668,47.63999938964844,48.0,48.0,12161900.0,-0.02140671260739191,46.471499633789065,45.15839973449707,-1.0499992370605469
48.22999954223633,48.9900016784668,47.84999847412109,48.93999862670898,48.93999862670898,12149000.0,0.019583304723103767,46.62899951934814,45.14119972229004,0.9399986267089773
48.84999847412109,49.45500183105469,47.540000915527344,48.02000045776367,48.02000045776367,10039700.0,-0.018798491924011174,46.78099956512451,45.10879974365234,-0.9199981689453054
47.5,47.5,46.27999877929688,46.459999084472656,46.459999084472656,9376800.0,-0.032486492261971645,46.85049953460693,45.07199974060059,-1.5600013732910156
47.22999954223633,47.42499923706055,46.16999816894531,46.369998931884766,46.369998931884766,8126500.0,-0.001937153559220972,46.95349941253662,45.025399703979495,-0.09000015258789062
47.43000030517578,47.619998931884766,46.34000015258789,47.59000015258789,47.59000015258789,11479500.0,0.026310141229359152,46.997999382019046,44.97499969482422,1.220001220703125
46.93999862670898,48.869998931884766,46.91999816894531,48.45000076293945,48.45000076293945,10411800.0,0.018071036091492854,47.09499950408936,44.87619972229004,0.8600006103515625
48.130001068115234,48.91999816894531,47.1349983215332,47.27999877929688,47.27999877929688,9577300.0,-0.024148647372933207,47.06199951171875,44.92359970092773,-1.170001983642571
46.869998931884766,47.630001068115234,46.08000183105469,46.77999877929688,46.77999877929688,11255000.0,-0.010575296381330368,47.01699943542481,44.98699966430664,-0.5
46.79999923706055,47.970001220703125,46.18999862670898,46.27000045776367,46.27000045776367,15472700.0,-0.010902059316831747,46.9509994506836,45.083999710083006,-0.5099983215332102
54.869998931884766,59.81999969482422,53.880001068115234,57.29999923706055,57.29999923706055,88927300.0,0.23838337303163226,47.55649948120117,45.389399719238284,11.029998779296875
57.29999923706055,62.53900146484375,57.02000045776367,62.02999877929688,62.02999877929688,43079500.0,0.0825479861294145,48.39049949645996,45.78239967346192,4.729999542236335
61.59999847412109,65.12999725341797,61.290000915527344,64.37999725341797,64.37999725341797,37097600.0,0.037884870552430616,49.3419994354248,46.25499961853027,2.3499984741210866
63.47999954223633,63.93000030517578,62.36000061035156,63.88999938964844,63.88999938964844,20442800.0,-0.007611026478313798,50.29749946594238,46.723199615478514,-0.48999786376953125
64.30999755859375,65.54000091552734,63.15999984741211,63.16999816894531,63.16999816894531,17461200.0,-0.011269388442344819,51.19099941253662,47.16379959106445,-0.720001220703125
62.400001525878906,63.0890007019043,61.58000183105469,62.900001525878906,62.900001525878906,15715100.0,-0.004274127764644087,52.04949951171875,47.61979965209961,-0.26999664306640625
62.400001525878906,62.709999084472656,61.0099983215332,61.33000183105469,61.33000183105469,13654600.0,-0.024960248914752015,52.79649963378906,48.02279968261719,-1.5699996948242188
60.7599983215332,62.31999969482422,60.70000076293945,61.58000183105469,61.58000183105469,10652900.0,0.00407630837332551,53.449499702453615,48.3863996887207,0.25
61.20000076293945,62.0,60.119998931884766,60.119998931884766,60.119998931884766,11089600.0,-0.023709042802165792,53.99549961090088,48.719199676513675,-1.4600028991699219
60.47999954223633,61.08000183105469,59.41999816894531,60.7599983215332,60.7599983215332,10665600.0,0.010645365951745145,54.580999565124515,49.08519966125488,0.6399993896484375
60.790000915527344,61.97999954223633,60.0099983215332,60.84999847412109,60.84999847412109,12967300.0,0.00148124020859286,55.22349948883057,49.42819961547852,0.09000015258788352
60.70000076293945,61.04999923706055,59.790000915527344,60.20000076293945,60.20000076293945,11249200.0,-0.0106819675839116,55.78649959564209,49.772199630737305,-0.6499977111816335
60.209999084472656,64.0459976196289,60.16999816894531,62.060001373291016,62.060001373291016,17253600.0,0.0308970197139371,56.48849964141846,50.18419967651367,1.8600006103515625
61.27999877929688,62.040000915527344,57.97499847412109,58.33000183105469,58.33000183105469,20317600.0,-0.060103117300954856,57.08199977874756,50.515199737548826,-3.729999542236328
57.75,59.84000015258789,57.0099983215332,58.970001220703125,58.970001220703125,17906400.0,0.01097204473783675,57.71199989318848,50.81859977722168,0.6399993896484375
59.470001220703125,59.58000183105469,57.43000030517578,57.709999084472656,57.709999084472656,11529500.0,-0.021366832459689844,58.21799983978271,51.10199974060058,-1.2600021362304688
58.0,59.91999816894531,57.79499816894531,59.2599983215332,59.2599983215332,13636000.0,0.026858417287301428,58.758499717712404,51.393799743652345,1.5499992370605469
,,,,,,,,,
60.59999847412109,61.4900016784668,57.7400016784668,58.18999862670898,58.18999862670898,12758600.0,-0.018056019661334077,59.303999710083005,51.663999710083004,-1.0699996948242259
58.15999984741211,59.11000061035156,56.72999954223633,57.18999862670898,57.18999862670898,13151600.0,-0.01718508375322425,59.824499702453615,51.93019966125488,-1.0
56.41999816894531,58.59000015258789,55.41999816894531,57.93999862670898,57.93999862670898,17356600.0,0.013114181115747359,60.40799961090088,52.17419960021973,0.75
59.02999877929688,59.77999877929688,57.93000030517578,58.290000915527344,58.290000915527344,12240200.0,0.006040771437937575,60.45749969482422,52.44079963684082,0.3500022888183665
58.040000915527344,60.84999847412109,57.93999862670898,59.91999816894531,59.91999816894531,14562400.0,0.02796358256676168,60.35199966430664,52.72339958190918,1.6299972534179688
61.900001525878906,64.05999755859375,60.720001220703125,63.65999984741211,63.65999984741211,29211000.0,0.062416585326351415,60.315999794006345,53.09699958801269,3.740001678466797
64.01000213623047,64.81999969482422,59.32500076293945,59.560001373291016,59.560001373291016,18023900.0,-0.06440462588671791,60.09949989318848,53.38679962158203,-4.099998474121094
59.27999877929688,61.119998931884766,58.07600021362305,59.27999877929688,59.27999877929688,13235100.0,-0.004701185150067788,59.90499992370606,53.68619956970215,-0.2800025939941335
59.79999923706055,62.29999923706055,59.59999847412109,61.36000061035156,61.36000061035156,12933200.0,0.03508775090901506,59.827999877929685,53.97939956665039,2.0800018310546804
62.09999847412109,65.62000274658203,61.93000030517578,65.01000213623047,65.01000213623047,23168300.0,0.05948503079485201,60.011999893188474,54.349399642944334,3.6500015258789062
66.0,66.5,63.29999923706055,63.84000015258789,63.84000015258789,16201900.0,-0.017997261116694085,60.124999809265134,54.667399673461915,-1.1700019836425781
63.97999954223633,66.55999755859375,63.84999847412109,65.87999725341797,65.87999725341797,16711900.0,0.0319548417286053,60.4129997253418,55.03139961242676,2.039997100830078
65.33000183105469,66.33999633789062,63.81999969482422,66.0999984741211,66.0999984741211,11963300.0,0.003339423647163331,60.67999973297119,55.40159957885742,0.220001220703125
66.98999786376953,67.36000061035156,64.51000213623047,64.70999908447266,64.70999908447266,13552000.0,-0.021028735578452973,60.87299976348877,55.79199958801269,-1.3899993896484375
,,,,,,,,,
65.0,66.56999969482422,63.31999969482422,64.26000213623047,64.26000213623047,12884400.0,-0.006954055858581554,61.07599983215332,56.170199661254884,-0.4499969482421875
64.16000366210938,64.8499984741211,61.84999847412109,63.16999816894531,63.16999816894531,12508600.0,-0.0169624016658817,61.131499671936034,56.526599655151365,-1.0900039672851562
62.650001525878906,64.05999755859375,62.04999923706055,63.47999954223633,63.47999954223633,11134600.0,0.004907414631577733,61.38899955749512,56.90059967041016,0.3100013732910156
62.02999877929688,63.91999816894531,61.58000183105469,63.790000915527344,63.790000915527344,8603100.0,0.004883449519950789,61.62999954223633,57.27039970397949,0.3100013732910156
63.369998931884766,64.94000244140625,63.119998931884766,63.25,63.25,8599300.0,-0.00846529091984849,61.906999588012695,57.620799713134765,-0.5400009155273438
63.45000076293945,64.54000091552734,62.77999877929688,63.79999923706055,63.79999923706055,9592500.0,0.008695640111629155,62.13399963378906,57.96899971008301,0.5499992370605469
63.79999923706055,66.30500030517578,63.290000915527344,64.62000274658203,64.62000274658203,10721700.0,0.012852719738672969,62.45549983978272,58.290999755859374,0.8200035095214844
64.77999877929688,64.80999755859375,63.16999816894531,63.7599983215332,63.7599983215332,8527900.0,-0.013308641109494812,62.783999824523924,58.58219970703125,-0.8600044250488281
64.47000122070312,65.3499984741211,64.19999694824219,64.5999984741211,64.5999984741211,10873300.0,0.013174406755029677,63.116999816894534,58.89319969177246,0.8400001525878906
65.04000091552734,66.41999816894531,64.37000274658203,64.8499984741211,64.8499984741211,7509500.0,0.0038699691316579354,63.44499969482422,59.230199661254886,0.25
,,,,,,,,,
64.62999725341797,64.7300033569336,63.06999969482422,64.44000244140625,64.44000244140625,12541100.0,-0.006322221162093911,63.670999908447264,59.540199737548825,-0.40999603271484375
63.04999923706055,63.29999923706055,61.43999862670898,61.83000183105469,61.83000183105469,13301200.0,-0.0405028012332056,63.57950000762939,59.81639976501465,-2.6100006103515625
62.11000061035156,63.33000183105469,61.59999847412109,61.66999816894531,61.66999816894531,7961300.0,-0.002587799731052387,63.68499984741211,60.1205997467041,-0.160003662109375
61.25,62.040000915527344,60.5099983215332,61.88999938964844,61.88999938964844,8457600.0,0.0035673946365366582,63.81549987792969,60.430999755859375,0.220001220703125
62.25,63.27999877929688,62.11000061035156,63.150001525878906,63.150001525878906,8330100.0,0.02035873563833346,63.90499992370606,60.7421997833252,1.2600021362304688
64.37000274658203,65.94999694824219,63.70000076293945,65.94000244140625,65.94000244140625,14865500.0,0.04418053599545835,63.951499938964844,61.09199981689453,2.7900009155273438
67.0199966430664,70.5,66.80999755859375,70.37000274658203,70.37000274658203,22978300.0,0.06718228906819101,64.27800006866455,61.553799896240236,4.430000305175781
70.61000061035156,71.43000030517578,68.41999816894531,68.44999694824219,68.44999694824219,12088500.0,-0.027284435461146894,64.40650005340576,61.98719985961914,-1.9200057983398438
68.5999984741211,69.88999938964844,67.87000274658203,68.68000030517578,68.68000030517578,9671300.0,0.003360166065566217,64.53550014495849,62.435399856567386,0.23000335693359375
68.45999908447266,68.45999908447266,65.25,67.26000213623047,67.26000213623047,14982000.0,-0.020675570218922967,64.66300029754639,62.63459991455078,-1.4199981689453125
67.87999725341797,69.12999725341797,67.41000366210938,68.2300033569336,68.2300033569336,9139300.0,0.014421665029662911,64.86150035858154,62.758600006103514,0.970001220703125
67.2699966430664,68.26799774169922,65.0250015258789,65.44000244140625,65.44000244140625,10732300.0,-0.04089111502650722,64.97500057220459,62.77980010986328,-2.7900009155273438
66.26000213623047,66.63500213623047,65.19000244140625,65.56999969482422,65.56999969482422,7394600.0,0.001986510522128615,65.07950057983399,62.8134001159668,0.12999725341796875
67.0,67.69999694824219,65.51000213623047,66.16999816894531,66.16999816894531,10457300.0,0.009150502926850823,65.19850044250488,62.873400115966795,0.5999984741210938
65.91000366210938,66.4800033569336,64.85399627685547,64.98999786376953,64.98999786376953,8531200.0,-0.01783285987348837,65.28550033569336,62.91520004272461,-1.1800003051757812
64.5,65.9000015258789,63.90999984741211,64.68000030517578,64.68000030517578,8663000.0,-0.004769927200852675,65.32950038909912,62.98220001220703,-0.30999755859375
66.31999969482422,67.79000091552734,63.525001525878906,63.959999084472656,63.959999084472656,12823800.0,-0.01113174423787855,65.29650020599365,63.029799957275394,-0.720001220703125
65.01000213623047,66.26000213623047,64.87000274658203,66.04000091552734,66.04000091552734,7783200.0,0.03252035429687239,65.41050033569336,63.14819999694824,2.0800018310546875
66.94999694824219,68.30999755859375,66.76000213623047,67.58000183105469,67.58000183105469,9079000.0,0.023319214024499768,65.55950050354004,63.28460006713867,1.5400009155273438
66.7699966430664,67.63999938964844,65.58999633789062,67.44999694824219,67.44999694824219,9900400.0,-0.0019237182493351268,65.68950042724609,63.41660003662109,-0.1300048828125
65.63999938964844,66.18099975585938,61.9900016784668,62.43000030517578,62.43000030517578,25987400.0,-0.07442545396878975,65.58900032043456,63.46120002746582,-5.019996643066406
61.880001068115234,64.25,58.33000183105469,59.040000915527344,59.040000915527344,35450300.0,-0.05430080687293204,65.4495002746582,63.40080001831055,-3.3899993896484375
60.25,61.18000030517578,57.66999816894531,57.93000030517578,57.93000030517578,17041900.0,-0.018800823054520577,65.26250038146972,63.39279998779297,-1.1100006103515625
57.61000061035156,58.05899810791016,56.5099983215332,57.56999969482422,57.56999969482422,10887400.0,-0.006214407188936177,65.04650039672852,63.36479995727539,-0.3600006103515625
56.45000076293945,57.310001373291016,55.72999954223633,56.18999862670898,56.18999862670898,12202300.0,-0.0239708368148438,64.69850025177001,63.334399948120115,-1.3800010681152415
56.09999847412109,57.06499862670898,55.09000015258789,55.20000076293945,55.20000076293945,9709000.0,-0.01761875579222638,64.16150016784668,63.25319999694824,-0.9899978637695241
56.29999923706055,57.20000076293945,55.380001068115234,56.470001220703125,56.470001220703125,11696400.0,0.023007254351639972,63.46650009155273,63.21880004882812,1.2700004577636719
55.59000015258789,55.94200134277344,54.709999084472656,55.27000045776367,55.27000045776367,8671900.0,-0.021250234407636404,62.80750026702881,63.18040008544922,-1.2000007629394531
54.540000915527344,55.9900016784668,54.37699890136719,55.97999954223633,55.97999954223633,6531000.0,0.012846011915907729,62.17250022888184,63.141200103759765,0.7099990844726562
55.68999862670898,56.20000076293945,54.77000045776367,55.34000015258789,55.34000015258789,9741000.0,-0.011432643709930135,61.57650012969971,63.082200088500976,-0.6399993896484375
55.15999984741211,55.94499969482422,54.34999847412109,55.34000015258789,55.34000015258789,8530700.0,0.0,60.93199996948242,62.99060012817383,0.0
55.68999862670898,55.970001220703125,52.775001525878906,53.220001220703125,53.220001220703125,13873200.0,-0.038308618106963066,60.32099990844726,62.78180015563965,-2.1199989318847656
51.470001220703125,53.25,51.20000076293945,53.13999938964844,53.13999938964844,12142800.0,-0.0015032286587690624,59.699499893188474,62.6534001159668,-0.0800018310546875
53.40999984741211,54.27000045776367,52.89899826049805,53.93000030517578,53.93000030517578,7606800.0,0.014866408065507652,59.0875,62.54640014648437,0.7900009155273438
54.70000076293945,55.084999084472656,53.84000015258789,53.959999084472656,53.959999084472656,6627500.0,0.0005562540168202457,58.53600006103515,62.398400115966794,0.029998779296875
54.18999862670898,57.005001068115234,54.11000061035156,56.72999954223633,56.72999954223633,13232000.0,0.051334331074159634,58.13850002288818,62.232800064086916,2.770000457763672
57.09999847412109,57.16999816894531,54.93199920654297,55.459999084472656,55.459999084472656,8956200.0,-0.02238675247684674,57.713500022888184,62.06520004272461,-1.2700004577636719
55.43000030517578,56.63999938964844,54.06800079345703,55.540000915527344,55.540000915527344,8956000.0,0.001442514107020454,57.188500022888185,61.858400115966795,0.0800018310546875
56.2400016784668,56.72499847412109,55.75,56.310001373291016,56.310001373291016,7511900.0,0.0138638899004484,56.625,61.662600173950196,0.7700004577636719
56.27999877929688,59.14899826049805,56.0099983215332,58.79999923706055,58.79999923706055,9897800.0,0.04421946018546152,56.19250011444092,61.544400177001954,2.4899978637695312
58.59000015258789,60.02899932861328,58.369998931884766,60.0099983215332,60.0099983215332,7972400.0,0.02057821598932974,56.07150001525879,61.45940010070801,1.2099990844726562
64.70999908447266,66.8499984741211,63.27999877929688,66.48999786376953,66.48999786376953,30505800.0,0.10798199839161016,56.4439998626709,61.52580009460449,6.479999542236328
66.68000030517578,67.5999984741211,65.88999938964844,66.70999908447266,66.70999908447266,13840600.0,0.0033087867013303907,56.88299980163574,61.59040008544922,0.220001220703125
,,,,,,,,,
66.23999786376953,66.48999786376953,65.2699966430664,65.80000305175781,65.80000305175781,8858400.0,-0.013641073979967278,57.29449996948242,61.630600128173825,-0.9099960327148438
65.04000091552734,66.26000213623047,65.0,65.81999969482422,65.81999969482422,8222700.0,0.0003039003364586623,57.776000022888184,61.68200012207031,0.01999664306640625
64.76000213623047,65.70999908447266,63.57099914550781,64.77999877929688,64.77999877929688,8711900.0,-0.015800682472642547,58.25499992370605,61.70160011291504,-1.0400009155273438
64.33999633789062,64.82499694824219,62.78499984741211,63.0099983215332,63.0099983215332,9043500.0,-0.027323255497333387,58.58199977874756,61.66940002441406,-1.7700004577636719
63.38999938964844,64.76000213623047,62.810001373291016,64.55999755859375,64.55999755859375,7924300.0,0.024599258504199195,59.04649963378906,61.68540000915527,1.5499992370605469
63.72999954223633,64.91999816894531,62.90999984741211,62.93000030517578,62.93000030517578,7179900.0,-0.025247789886277627,59.39399967193604,61.65200004577637,-1.6299972534179688
62.34000015258789,63.2599983215332,61.72200012207031,62.619998931884766,62.619998931884766,6920300.0,-0.004926130173012577,59.75799961090088,61.60740005493164,-0.3100013732910156
63.08000183105469,63.8380012512207,62.650001525878906,63.400001525878906,63.400001525878906,7116800.0,0.012456125954946051,60.16099967956543,61.58660003662109,0.7800025939941406
63.310001373291016,63.4900016784668,61.91999816894531,62.380001068115234,62.380001068115234,8571100.0,-0.016088334908751167,60.61899967193604,61.597600021362304,-1.0200004577636719
62.040000915527344,62.41999816894531,59.37099838256836,59.5,59.5,11516400.0,-0.04616866012827481,60.93699970245361,61.5542000579834,-2.8800010681152344
59.16999816894531,59.22999954223633,56.880001068115234,58.33000183105469,58.33000183105469,13471600.0,-0.019663834772190136,61.15699977874756,61.483000106811524,-1.1699981689453125
58.619998931884766,58.70000076293945,56.834999084472656,56.970001220703125,56.970001220703125,8228600.0,-0.023315627767175995,61.30749988555908,61.35940010070801,-1.3600006103515625
55.369998931884766,55.9900016784668,53.68000030517578,53.70000076293945,53.70000076293945,11303200.0,-0.057398637663629515,61.155999946594235,61.114600067138674,-3.270000457763672
54.7400016784668,55.27000045776367,52.88999938964844,53.08000183105469,53.08000183105469,9870000.0,-0.011545603781679126,61.03700008392334,60.768800048828126,-0.6199989318847656
52.709999084472656,53.625,52.29999923706055,53.58000183105469,53.58000183105469,8314700.0,0.009419743458024321,60.93900012969971,60.47140014648438,0.5
52.900001525878906,53.630001068115234,51.369998931884766,51.5099983215332,51.5099983215332,10456000.0,-0.03863388276933055,60.69899997711182,60.12800010681153,-2.0700035095214844
51.880001068115234,52.494998931884766,51.02999877929688,51.84999847412109,51.84999847412109,9041700.0,0.006600663243387261,60.35149993896484,59.81980003356934,0.3400001525878835
51.25,53.880001068115234,50.59000015258789,53.20000076293945,53.20000076293945,13608000.0,0.0260366890751631,60.011000061035155,59.519199981689454,1.3500022888183665
54.2599983215332,55.59000015258789,54.10200119018555,54.56999969482422,54.56999969482422,13696200.0,0.025751859252587606,59.41500015258789,59.30179992675781,1.3699989318847656
54.220001220703125,55.209999084472656,53.5099983215332,54.0,54.0,8265300.0,-0.010445294081214418,58.77950019836426,59.07039993286133,-0.5699996948242188
53.0,53.678001403808594,51.02000045776367,51.380001068115234,51.380001068115234,11280200.0,-0.04851849873860681,58.058500099182126,58.77459999084473,-2.6199989318847656
52.15999984741211,52.75,51.150001525878906,52.58000183105469,52.58000183105469,10956700.0,0.02335540556623572,57.396500205993654,58.52640007019043,1.2000007629394531
52.0099983215332,52.54999923706055,51.11199951171875,52.18999862670898,52.18999862670898,9268600.0,-0.007417329607534717,56.76700019836426,58.27660003662109,-0.39000320434571023
51.43000030517578,53.90999984741211,51.20000076293945,53.650001525878906,53.650001525878906,12442400.0,0.02797476408483268,56.299000358581544,58.07040008544922,1.460002899169929
52.40999984741211,53.93000030517578,52.060001373291016,53.5099983215332,53.5099983215332,9709400.0,-0.0026095657104160397,55.746500396728514,57.81980003356934,-0.14000320434570312
53.72999954223633,55.5890007019043,53.560001373291016,55.08000183105469,55.08000183105469,9834000.0,0.02934037672899148,55.35400047302246,57.56980003356934,1.5700035095214844
55.5099983215332,55.63800048828125,53.709999084472656,54.2400016784668,54.2400016784668,8505700.0,-0.015250546925622777,54.935000610351565,57.30560012817383,-0.8400001525878906
54.5,55.02999877929688,52.91999816894531,53.33000183105469,53.33000183105469,10730800.0,-0.016777282803318583,54.431500625610354,57.1236001586914,-0.9099998474121094
53.400001525878906,54.18999862670898,50.68999862670898,51.54999923706055,51.54999923706055,14373400.0,-0.03337713356232486,53.89000053405762,56.97380012512207,-1.7800025939941406
51.91999816894531,53.59000015258789,51.04999923706055,53.27999877929688,53.27999877929688,10339500.0,0.03355964244113108,53.57900047302246,56.880800094604496,1.7299995422363352
52.59000015258789,54.459999084472656,52.4900016784668,54.16999816894531,54.16999816894531,7962000.0,0.01670419313136806,53.37100028991699,56.812800064086915,0.8899993896484304
54.58000183105469,56.19599914550781,52.43000030517578,52.84000015258789,52.84000015258789,15420800.0,-0.024552299451985005,53.16450023651123,56.74580009460449,-1.3299980163574219
53.130001068115234,53.31800079345703,51.540000915527344,51.83000183105469,51.83000183105469,10438100.0,-0.019114275522645663,53.071000289916995,56.678400115966795,-1.0099983215332031
51.56999969482422,52.45000076293945,50.619998931884766,51.13999938964844,51.13999938964844,8373000.0,-0.01331279986551781,52.97400016784668,56.57180007934571,-0.69000244140625
50.52999877929688,51.97999954223633,49.63999938964844,51.0,51.0,8851700.0,-0.0027375712029589216,52.84500007629394,56.48640007019043,-0.1399993896484375
51.5,52.880001068115234,51.255001068115234,52.34999847412109,52.34999847412109,7618800.0,0.02647055831609979,52.88700008392334,56.41380004882812,1.3499984741210866
50.84999847412109,51.08000183105469,48.34999847412109,48.4900016784668,48.4900016784668,12658800.0,-0.07373442040428058,52.719000244140624,56.276800079345705,-3.8599967956542898
48.84000015258789,49.36000061035156,45.810001373291016,46.68999862670898,46.68999862670898,17931300.0,-0.037121117538693627,52.3935001373291,56.10380004882813,-1.8000030517578196
48.130001068115234,48.18000030517578,46.060001373291016,46.400001525878906,46.400001525878906,12207700.0,-0.0062111182128881115,51.98500022888184,55.96740005493164,-0.289997100830071
47.09000015258789,47.84999847412109,46.25,46.91999816894531,46.91999816894531,10496200.0,0.011206823835477442,51.6310001373291,55.84300003051758,0.5199966430664062
46.650001525878906,47.625,45.5,47.18999862670898,47.18999862670898,12046900.0,0.00575448568415271,51.421500015258786,55.708199996948245,0.27000045776366477
47.54999923706055,48.86000061035156,47.15999984741211,48.790000915527344,48.790000915527344,19173700.0,0.0339055379398292,51.23199996948242,55.60480003356933,1.6000022888183665
57.63999938964844,60.150001525878906,55.50699996948242,59.70000076293945,59.70000076293945,43602900.0,0.22361138845439155,51.607500076293945,55.6642000579834,10.90999984741211
59.86000061035156,61.84000015258789,58.95000076293945,61.470001220703125,61.470001220703125,22370000.0,0.02964824849487191,51.99850006103516,55.784400100708005,1.7700004577636719
,,,,,,,,,
,,,,,,,,,
,,,,,,,,,
,,,,,,,,,
,,,,,,,,,
,,,,,,,,,
,,,,,,,,,
,,,,,,,,,
,,,,,,,,,
,,,,,,,,,
,,,,,,,,,
,,,,,,,,,
,,,,,,,,,
,,,,,,,,,
,,,,,,,,,
,,,,,,,,,
,,,,,,,,,
,,,,,,,,,
,,,,,,,,,
,,,,,,,,,
,,,,,,,,,
,,,,,,,,,
,,,,,,,,,
,,,,,,,,,
,,,,,,,,,
,,,,,,,,,
,,,,,,,,,
,,,,,,,,,
,,,,,,,,,
,,,,,,,,,
,,,,,,,,,
,,,,,,,,,
,,,,,,,,,
,,,,,,,,,
,,,,,,,,,
,,,,,,,,,
,,,,,,,,,
,,,,,,,,,
,,,,,,,,,
,,,,,,,,,
,,,,,,,,,
,,,,,,,,,
,,,,,,,,,
,,,,,,,,,
,,,,,,,,,
,,,,,,,,,
,,,,,,,,,
,,,,,,,,,
,,,,,,,,,
,,,,,,,,,
,,,,,,,,,
,,,,,,,,,
,,,,,,,,,
,,,,,,,,,
,,,,,,,,,
,,,,,,,,,
,,,,,,,,,
,,,,,,,,,
,,,,,,,,,
,,,,,,,,,
,,,,,,,,,
,,,,,,,,,
,,,,,,,,,
,,,,,,,,,
,,,,,,,,,
,,,,,,,,,
,,,,,,,,,
,,,,,,,,,
,,,,,,,,,
,,,,,,,,,
,,,,,,,,,
,,,,,,,,,
,,,,,,,,,
,,,,,,,,,
,,,,,,,,,
,,,,,,,,,
,,,,,,,,,
,,,,,,,,,
,,,,,,,,,
,,,,,,,,,
,,,,,,,,,
,,,,,,,,,
,,,,,,,,,
,,,,,,,,,
,,,,,,,,,
,,,,,,,,,
,,,,,,,,,
,,,,,,,,,
,,,,,,,,,
,,,,,,,,,
75.5999984741211,76.29000091552734,74.44000244140625,74.97000122070312,74.97000122070312,5191200.0,-0.01562503130495896,77.50799980163575,79.16000030517579,-1.19000244140625
75.94999694824219,76.69000244140625,74.58100128173828,76.36000061035156,76.36000061035156,5667100.0,0.018540741190018695,76.86999969482422,79.10500030517578,1.3899993896484375
76.19000244140625,79.4000015258789,76.0999984741211,78.68000030517578,78.68000030517578,10975300.0,0.030382394922476186,76.94499969482422,79.12060028076172,2.3199996948242188
78.52999877929688,79.80000305175781,77.36000061035156,78.41999816894531,78.41999816894531,7244200.0,-0.003304551794890642,76.83249969482422,79.21240020751954,-0.26000213623046875
78.2300033569336,79.06999969482422,76.76000213623047,77.1500015258789,77.1500015258789,5818900.0,-0.016194805824024217,76.48999977111816,79.31900024414062,-1.2699966430664062
78.0,78.0,76.26000213623047,77.5199966430664,77.5199966430664,5440700.0,0.004795788851195137,76.30149955749512,79.40100021362305,0.3699951171875
76.7300033569336,78.52999877929688,75.30000305175781,77.52999877929688,77.52999877929688,5736500.0,0.00012902653074831072,76.24699935913085,79.46140014648438,0.01000213623046875
77.52999877929688,81.62000274658203,77.28500366210938,81.33000183105469,81.33000183105469,6793700.0,0.049013325313923994,76.53399963378907,79.53420013427734,3.8000030517578125
81.66000366210938,83.38999938964844,79.55999755859375,79.58999633789062,79.58999633789062,11345900.0,-0.021394386499320905,76.76199951171876,79.52380004882812,-1.7400054931640625
78.88999938964844,80.37000274658203,78.37999725341797,78.72000122070312,78.72000122070312,4559100.0,-0.010930960638495746,76.88599967956543,79.47620010375977,-0.8699951171875
78.0999984741211,79.55999755859375,77.73500061035156,78.41999816894531,78.41999816894531,4596000.0,-0.003811014317907757,76.928999710083,79.41860000610352,-0.3000030517578125
79.04000091552734,79.75,77.75,78.52999877929688,78.52999877929688,4442200.0,0.0014027112078551784,77.02399978637695,79.36119995117187,0.1100006103515625
79.3499984741211,79.37999725341797,77.45999908447266,78.62000274658203,78.62000274658203,4399700.0,0.00114610936819326,77.17700004577637,79.30720001220703,0.09000396728515625
78.80000305175781,79.19499969482422,77.0,77.16999816894531,77.16999816894531,4261000.0,-0.018443201818633348,77.21699981689453,79.24419998168945,-1.4500045776367188
,,,,,,,,,
77.3499984741211,78.62999725341797,76.27999877929688,78.19000244140625,78.19000244140625,6588400.0,0.013217627273074184,77.29700012207032,79.25760009765625,1.0200042724609375
76.61000061035156,78.5999984741211,75.94999694824219,78.12000274658203,78.12000274658203,6692400.0,-0.0008952512167610394,77.4145004272461,79.21980010986329,-0.06999969482421875
78.27999877929688,79.29000091552734,75.12999725341797,75.63999938964844,75.63999938964844,9874100.0,-0.03174607360138759,77.52300033569335,79.12740005493164,-2.4800033569335938
75.61000061035156,77.06999969482422,74.55999755859375,74.80999755859375,74.80999755859375,8530700.0,-0.01097305443881691,77.56300010681153,79.00080001831054,-0.8300018310546875
74.5999984741211,75.99199676513672,73.69000244140625,75.27999877929688,75.27999877929688,6587200.0,0.006282599064850958,77.56049995422363,78.89179992675781,0.470001220703125
75.20999908447266,75.45999908447266,73.31999969482422,74.37999725341797,74.37999725341797,7051900.0,-0.011955387094485737,77.47149963378907,78.76959991455078,-0.9000015258789062
74.36000061035156,75.08000183105469,73.5,74.91999816894531,74.91999816894531,4362300.0,0.007260028710239341,77.46899948120117,78.63699981689453,0.5400009155273438
72.80000305175781,73.12000274658203,71.58999633789062,71.9800033569336,71.9800033569336,8018300.0,-0.03924178969388126,77.24999961853027,78.40579986572266,-2.9399948120117188
71.9800033569336,72.2699966430664,70.48999786376953,71.56999969482422,71.56999969482422,11728000.0,-0.005696077285190615,76.89449958801269,78.19059982299805,-0.410003662109375
70.88999938964844,71.19000244140625,69.19000244140625,70.0,70.0,11013500.0,-0.021936561429631518,76.47349967956544,77.98919982910157,-1.5699996948242188
70.0,70.41000366210938,68.38999938964844,68.56999969482422,68.56999969482422,8733200.0,-0.020428575788225434,76.0444995880127,77.82619979858399,-1.4300003051757812
68.47000122070312,69.33999633789062,68.01499938964844,68.69999694824219,68.69999694824219,9249200.0,0.0018958327839657674,75.60349960327149,77.54159973144532,0.12999725341796875
69.5,71.0,68.97000122070312,69.41000366210938,69.41000366210938,8373200.0,0.010334887123824688,75.1974998474121,77.30179977416992,0.7100067138671875
69.33000183105469,70.94999694824219,68.1500015258789,69.51000213623047,69.51000213623047,7360500.0,0.0014406925348671162,74.6064998626709,77.06079986572266,0.09999847412109375
71.0,71.62999725341797,68.79000091552734,69.66999816894531,69.66999816894531,10289300.0,0.0023017699294738403,74.11049995422363,76.75079986572266,0.15999603271484375
70.05000305175781,71.2699966430664,69.31999969482422,70.55000305175781,70.55000305175781,5908200.0,0.012631045011348263,73.70200004577637,76.40439987182617,0.8800048828125
71.27999877929688,74.58999633789062,71.22000122070312,74.01000213623047,74.01000213623047,9517500.0,0.04904321665208555,73.48150024414062,76.07019989013672,3.4599990844726562
74.4000015258789,74.71600341796875,71.6500015258789,72.26000213623047,72.26000213623047,6086500.0,-0.02364545263461515,73.16800041198731,75.73299987792969,-1.75
70.43000030517578,71.36000061035156,69.56900024414062,70.55000305175781,70.55000305175781,6770500.0,-0.023664531330193195,72.76450042724609,75.60039993286132,-1.7099990844726562
71.31999969482422,71.83000183105469,70.73500061035156,71.33000183105469,71.33000183105469,4611800.0,0.011055970879613408,72.47250061035156,75.41360000610352,0.779998779296875
73.80999755859375,74.04000091552734,71.37999725341797,72.4800033569336,72.4800033569336,9918000.0,0.01612226968117403,72.18700065612794,75.18320007324219,1.1500015258789062
72.4000015258789,74.4800033569336,70.18000030517578,70.19999694824219,70.19999694824219,8246200.0,-0.03145704060557686,71.79100036621094,74.96139999389648,-2.2800064086914062
70.20999908447266,72.08000183105469,68.87999725341797,70.4000015258789,70.4000015258789,7432900.0,0.0028490681813586605,71.52900047302246,74.79699996948243,0.20000457763671875
71.98999786376953,72.72000122070312,70.2300033569336,72.0,72.0,5387100.0,0.022727250560256484,71.38850059509278,74.72520004272461,1.5999984741210938
73.77999877929688,74.87999725341797,73.05999755859375,74.45999908447266,74.45999908447266,7346400.0,0.03416665395100904,71.34750061035156,74.71380004882812,2.4599990844726562
75.0,77.80000305175781,74.41999816894531,77.37000274658203,77.37000274658203,11042600.0,0.03908143564181432,71.49700088500977,74.73640014648437,2.910003662109375
76.52999877929688,77.82499694824219,75.29499816894531,77.05000305175781,77.05000305175781,11383800.0,-0.004135965923025009,71.60350112915039,74.72620025634765,-0.31999969482421875
63.66999816894531,64.19999694824219,60.63999938964844,62.72999954223633,62.72999954223633,58311600.0,-0.18585338017316,71.14100093841553,74.44820030212402,-14.320003509521484
63.56999969482422,63.79999923706055,61.61000061035156,62.45000076293945,62.45000076293945,19819700.0,-0.004463554620438792,70.68500099182128,74.18600036621093,-0.279998779296875
62.720001220703125,62.7400016784668,58.650001525878906,58.93999862670898,58.93999862670898,30675600.0,-0.056204997491584696,70.13200092315674,73.83740028381348,-3.510002136230476
59.06999969482422,59.47999954223633,58.2599983215332,58.77999877929688,58.77999877929688,12847600.0,-0.002714622516797771,69.64250087738037,73.4812003326416,-0.15999984741209516
58.65999984741211,58.77000045776367,56.91999816894531,58.02999877929688,58.02999877929688,20334800.0,-0.012759442252049835,69.1090009689331,73.12640037536622,-0.75
59.16999816894531,59.66999816894531,58.34999847412109,58.77000045776367,58.77000045776367,11174300.0,0.012752054007121538,68.57700080871582,72.83240036010743,0.7400016784667898
58.650001525878906,58.9900016784668,57.77999877929688,57.810001373291016,57.810001373291016,9636000.0,-0.016334849021527265,67.99200077056885,72.50840034484864,-0.9599990844726562
57.95000076293945,58.59000015258789,57.040000915527344,58.52999877929688,58.52999877929688,12303900.0,0.012454547464143761,67.43500080108643,72.17240028381347,0.7199974060058665
58.869998931884766,59.209999084472656,58.29999923706055,58.90999984741211,58.90999984741211,7786100.0,0.006492415445763511,66.85300064086914,71.82740020751953,0.38000106811522727
58.5,58.619998931884766,57.0099983215332,57.02000045776367,57.02000045776367,13778700.0,-0.032082827950159376,66.0035005569458,71.46840019226075,-1.8899993896484375
58.880001068115234,60.11000061035156,58.209999084472656,58.70000076293945,58.70000076293945,18624500.0,0.029463351309865438,65.32550048828125,71.1152001953125,1.6800003051757812
58.61000061035156,59.08000183105469,57.47999954223633,57.63999938964844,57.63999938964844,11415500.0,-0.018057944795807468,64.68000030517578,70.69440017700195,-1.0600013732910156
57.11000061035156,58.060001373291016,56.90999984741211,56.970001220703125,56.970001220703125,8507100.0,-0.011623840666896923,63.9620002746582,70.2654002380371,-0.6699981689453125
,,,,,,,,,
57.0099983215332,58.220001220703125,56.310001373291016,58.18999862670898,58.18999862670898,10785200.0,0.021414733717128653,63.247500038146974,69.8862001800537,1.2199974060058523
57.54999923706055,58.56999969482422,57.2599983215332,58.369998931884766,58.369998931884766,7784000.0,0.003093320320051829,62.6560001373291,69.50320022583008,0.18000030517578836
58.40999984741211,58.77999877929688,57.90999984741211,58.540000915527344,58.540000915527344,9829800.0,0.002912489065503676,62.06300010681152,69.12340026855469,0.17000198364257812
58.79999923706055,59.22999954223633,57.75,59.150001525878906,59.150001525878906,12261100.0,0.010420235750111972,61.42050018310547,68.67980026245117,0.6100006103515625
59.40999984741211,59.93999862670898,58.380001068115234,59.70000076293945,59.70000076293945,8640300.0,0.009298380775525583,60.68250026702881,68.28200035095215,0.5499992370605469
59.459999084472656,60.685001373291016,59.209999084472656,60.68000030517578,60.68000030517578,11589700.0,0.01641540250774498,59.8480001449585,67.9212003326416,0.9799995422363281
61.18000030517578,61.70000076293945,60.27999877929688,61.25,61.25,11092500.0,0.009393534804837511,59.057999992370604,67.57780036926269,0.5699996948242188
60.150001525878906,61.47999954223633,60.150001525878906,61.459999084472656,61.459999084472656,7391300.0,0.003428556481186229,58.99449996948242,67.23640037536622,0.20999908447265625
61.275001525878906,61.93999862670898,60.65999984741211,61.59000015258789,61.59000015258789,7099200.0,0.002115214286556588,58.951499938964844,66.89580032348633,0.13000106811523438
61.380001068115234,63.7400016784668,61.27000045776367,63.0099983215332,63.0099983215332,10629100.0,0.02305566107204582,59.15499992370606,66.61260032653809,1.4199981689453125
63.869998931884766,64.69000244140625,63.22999954223633,63.81999969482422,63.81999969482422,11760200.0,0.01285512450195081,59.40699996948242,66.32520027160645,0.8100013732910156
64.62000274658203,66.51000213623047,64.22000122070312,65.47000122070312,65.47000122070312,13945200.0,0.025853988307253495,59.77900009155273,66.07220024108886,1.6500015258789062
65.5999984741211,65.79000091552734,64.12999725341797,64.69000244140625,64.69000244140625,9163400.0,-0.011913834806073331,60.07500019073486,65.85320030212402,-0.779998779296875
65.86000061035156,68.20999908447266,65.43000030517578,67.66000366210938,67.66000366210938,17915800.0,0.045911286267043216,60.567500305175784,65.71020042419434,2.970001220703125
67.25,67.33000183105469,64.75,66.5199966430664,66.5199966430664,12112100.0,-0.016849053463492303,60.96700019836426,65.53500038146973,-1.1400070190429688
65.9000015258789,66.11000061035156,63.970001220703125,64.25,64.25,11280600.0,-0.03412502642245718,61.23400020599365,65.33240043640137,-2.2699966430664062
,,,,,,,,,
64.37999725341797,64.87000274658203,63.150001525878906,63.880001068115234,63.880001068115234,7405100.0,-0.005758738239451611,61.57700023651123,65.11160049438476,-0.3699989318847656
63.810001373291016,65.19000244140625,63.40999984741211,65.02999877929688,65.02999877929688,8199700.0,0.018002468565324614,61.8935001373291,64.97260040283203,1.1499977111816406
65.62000274658203,65.81999969482422,63.40999984741211,64.30999755859375,64.30999755859375,10464500.0,-0.01107183198859829,62.227000045776364,64.82740036010742,-0.720001220703125
64.4800033569336,65.48999786376953,64.05999755859375,64.77999877929688,64.77999877929688,6484600.0,0.0073083694378139885,62.617499923706056,64.72300033569336,0.470001220703125
65.19999694824219,65.52999877929688,64.44000244140625,65.44999694824219,65.44999694824219,6978900.0,0.0103426702928473,62.980499839782716,64.66060028076171,0.6699981689453125
65.29000091552734,66.83999633789062,65.16000366210938,66.37000274658203,66.37000274658203,7716300.0,0.014056620950912757,63.38050003051758,64.61400039672851,0.9200057983398438
66.5999984741211,67.18000030517578,65.45999908447266,66.05000305175781,66.05000305175781,6650600.0,-0.004821450679248329,63.7560001373291,64.54680038452149,-0.31999969482421875
65.95999908447266,65.97000122070312,63.04999923706055,64.62999725341797,64.62999725341797,8395400.0,-0.021498951290389923,64.02999992370606,64.44920028686523,-1.4200057983398438
64.87999725341797,66.12999725341797,64.33999633789062,66.05999755859375,66.05999755859375,6762900.0,0.022125953364482864,64.34799976348877,64.3770002746582,1.4300003051757812
66.26000213623047,67.22000122070312,66.26000213623047,66.7300033569336,66.7300033569336,3931000.0,0.01014238303211501,64.65049991607665,64.30060028076171,0.6700057983398438
,,,,,,,,,
66.94499969482422,68.04299926757812,66.36000061035156,67.62999725341797,67.62999725341797,6441500.0,0.01348709502785983,64.96949977874756,64.17300018310547,0.899993896484375
67.52999877929688,67.79299926757812,66.94000244140625,67.33999633789062,67.33999633789062,4606000.0,-0.004288051564465878,65.26349964141846,64.07460006713868,-0.29000091552734375
67.04000091552734,67.5199966430664,65.72200012207031,66.12999725341797,66.12999725341797,6523000.0,-0.017968505350093422,65.49049949645996,63.986199951171876,-1.2099990844726562
66.30000305175781,66.33000183105469,64.61000061035156,65.61000061035156,65.61000061035156,7121000.0,-0.007863249125411587,65.62049961090088,63.87179992675781,-0.5199966430664062
65.6500015258789,66.16999816894531,64.79000091552734,65.30999755859375,65.30999755859375,7238500.0,-0.004572520179347173,65.69499950408935,63.72839981079102,-0.3000030517578125
65.8499984741211,65.98500061035156,64.62999725341797,64.88999938964844,64.88999938964844,7778500.0,-0.006430840371238755,65.66599941253662,63.622199859619144,-0.4199981689453125
65.02999877929688,65.2300033569336,63.93000030517578,64.20999908447266,64.20999908447266,7073300.0,-0.010479277416733268,65.64199924468994,63.498399810791014,-0.6800003051757812
67.26000213623047,70.04000091552734,66.83000183105469,69.72000122070312,69.72000122070312,21416800.0,0.08581221328132527,65.74499912261963,63.45279983520508,5.510002136230469
68.16999816894531,68.4000015258789,63.70000076293945,64.80999755859375,64.80999755859375,14176000.0,-0.07042460665722661,65.659499168396,63.2597998046875,-4.910003662109375
65.9000015258789,66.08999633789062,62.720001220703125,63.11000061035156,63.11000061035156,7904800.0,-0.02623047388183042,65.60249919891358,62.97459976196289,-1.6999969482421875
62.5099983215332,64.18000030517578,62.45000076293945,63.15999984741211,63.15999984741211,6686100.0,0.0007922553727934822,65.56649913787842,62.696799697875974,0.049999237060546875
63.459999084472656,63.77999877929688,61.43999862670898,62.68999862670898,62.68999862670898,9143800.0,-0.007441437964512465,65.44949913024902,62.69599967956543,-0.4700012207031321
63.0,63.63999938964844,62.650001525878906,62.65999984741211,62.65999984741211,5392700.0,-0.00047852576095108734,65.36699924468994,62.700199661254885,-0.029998779296867895
62.09999847412109,62.52000045776367,59.15999984741211,59.27000045776367,59.27000045776367,8255600.0,-0.054101490550649056,65.09149932861328,62.70679969787598,-3.3899993896484375
59.27000045776367,60.97499847412109,58.040000915527344,59.43999862670898,59.43999862670898,6873300.0,0.0028681992176877724,64.79099941253662,62.71999969482422,0.1699981689453054
61.41999816894531,61.52000045776367,59.810001373291016,59.93999862670898,59.93999862670898,5256400.0,0.008411844070523422,64.46949920654296,62.75819969177246,0.5
60.150001525878906,60.56999969482422,59.52000045776367,59.869998931884766,59.869998931884766,5046000.0,-0.0011678294365695674,64.16049900054932,62.78019966125488,-0.06999969482421164
59.83000183105469,61.02000045776367,58.93000030517578,59.20000076293945,59.20000076293945,6669800.0,-0.011190883262042206,63.88899917602539,62.80799964904785,-0.6699981689453125
60.31999969482422,61.880001068115234,60.130001068115234,61.20000076293945,61.20000076293945,8649400.0,0.0337837833483956,63.645999336242674,62.8613996887207,2.0
61.59999847412109,62.0,57.25,58.16999816894531,58.16999816894531,9598300.0,-0.0495098456898877,63.21799907684326,62.846599655151365,-3.0300025939941406
54.61000061035156,55.18000030517578,52.54499816894531,54.43000030517578,54.43000030517578,18357900.0,-0.06429427508158614,62.557999229431154,62.79479965209961,-3.7399978637695312
48.58599853515625,53.36000061035156,48.560001373291016,52.2599983215332,52.2599983215332,16525200.0,-0.0398677562277403,61.80399932861328,62.66599960327149,-2.170001983642578
53.13999938964844,54.88999938964844,52.34000015258789,54.220001220703125,54.220001220703125,18567200.0,0.037504840453894905,61.20849952697754,62.59759963989258,1.9600028991699219
64.5,67.77999877929688,63.54999923706055,63.88999938964844,63.88999938964844,49976600.0,0.17834743547097087,61.12249946594238,62.73599960327149,9.669998168945312
64.23999786376953,68.77999877929688,63.90999984741211,68.55000305175781,68.55000305175781,19891500.0,0.07293791996599075,61.28449974060059,62.94319969177246,4.660003662109375
68.16000366210938,69.32499694824219,67.41500091552734,69.30000305175781,69.30000305175781,10931200.0,0.010940918550123468,61.50499992370605,63.16179977416992,0.75
69.08999633789062,70.73300170898438,68.05000305175781,68.30999755859375,68.30999755859375,11134000.0,-0.014285792923048768,61.70999984741211,63.35719970703125,-0.9900054931640625
68.83999633789062,70.06999969482422,68.68000030517578,69.9000015258789,69.9000015258789,10545500.0,0.023276299577105197,61.7189998626709,63.57219970703125,1.5900039672851562
70.33999633789062,71.76000213623047,69.94000244140625,71.58999633789062,71.58999633789062,9032300.0,0.02417732153247565,62.057999801635745,63.80999961853027,1.6899948120117188
73.0199966430664,74.91000366210938,73.01000213623047,74.8499984741211,74.8499984741211,10849700.0,0.04553711835441221,62.64499969482422,64.09339958190918,3.2600021362304688
74.33000183105469,75.3550033569336,74.1050033569336,74.55000305175781,74.55000305175781,5403600.0,-0.004007954956298354,63.2144998550415,64.35939964294434,-0.29999542236328125
74.55000305175781,75.16999816894531,73.91999816894531,75.16000366210938,75.16000366210938,6246700.0,0.008182435752927653,63.83800010681152,64.63339973449708,0.6100006103515625
75.0,75.68000030517578,74.16000366210938,74.87000274658203,74.87000274658203,8513000.0,-0.003858447330991055,64.44850025177001,64.89899978637695,-0.29000091552734375
75.0,76.19999694824219,74.87000274658203,76.13999938964844,76.13999938964844,5760500.0,0.016962689948937903,65.29200019836426,65.16159980773926,1.2699966430664062
76.04000091552734,76.30000305175781,74.2300033569336,74.30000305175781,74.30000305175781,4772900.0,-0.02416596207828159,66.0350004196167,65.37119987487793,-1.839996337890625
75.0,76.44000244140625,74.69000244140625,76.13999938964844,76.13999938964844,5405600.0,0.024764418066159033,66.84500045776367,65.58459983825684,1.839996337890625
76.11000061035156,76.83000183105469,74.91999816894531,74.94999694824219,74.94999694824219,4047000.0,-0.01562913647157238,67.59900035858155,65.78979972839356,-1.19000244140625
74.47000122070312,74.87000274658203,72.86000061035156,74.52999877929688,74.52999877929688,4389800.0,-0.005603711621700924,68.36550025939941,65.9271996307373,-0.4199981689453125
74.2300033569336,74.37000274658203,71.76000213623047,72.52999877929688,72.52999877929688,5551700.0,-0.02683483205095083,68.93200016021729,66.04739967346191,-2.0
72.9000015258789,74.33999633789062,72.87000274658203,73.2699966430664,73.2699966430664,3620100.0,0.010202645473927019,69.68700008392334,66.22779960632325,0.7399978637695312
73.55000305175781,74.33000183105469,73.12000274658203,74.06999969482422,74.06999969482422,3019300.0,0.010918562691561329,70.66900005340577,66.43159957885742,0.8000030517578125
,,,,,,,,,
73.1500015258789,73.22000122070312,70.81999969482422,71.26000213623047,71.26000213623047,5773600.0,-0.0379370537352669,71.61900024414062,66.55619964599609,-2.80999755859375
70.86000061035156,71.75,69.62000274658203,70.22000122070312,70.22000122070312,4612800.0,-0.014594455295400266,72.41900024414062,66.67439971923828,-1.0400009155273438
70.0,70.93000030517578,69.30500030517578,70.11000061035156,70.11000061035156,3296200.0,-0.0015665139339121614,72.73000030517578,66.78099975585937,-0.1100006103515625
70.37999725341797,70.55899810791016,65.86000061035156,67.01000213623047,67.01000213623047,7380400.0,-0.044216209487001334,72.65300025939942,66.81219985961914,-3.0999984741210938
68.4800033569336,69.48999786376953,67.13999938964844,68.12999725341797,68.12999725341797,4298600.0,0.01671384989528235,72.59449996948243,66.84739974975587,1.1199951171875
68.79000091552734,68.9000015258789,66.94999694824219,68.16999816894531,68.16999816894531,4530300.0,0.0005871263340662125,72.5875,66.88979965209961,0.04000091552734375
68.55000305175781,71.76000213623047,68.0999984741211,71.5199966430664,71.5199966430664,7063300.0,0.049141830190736036,72.66849975585937,67.02759963989257,3.3499984741210938
70.72000122070312,71.9800033569336,69.62999725341797,71.30999755859375,71.30999755859375,6187700.0,-0.002936228947558517,72.65449981689453,67.13259963989258,-0.20999908447265625
71.83000183105469,73.44000244140625,71.76000213623047,72.44999694824219,72.44999694824219,5655600.0,0.015986529640696245,72.53449974060058,67.24699951171876,1.1399993896484375
72.0999984741211,73.69999694824219,71.47000122070312,73.58000183105469,73.58000183105469,4184700.0,0.01559703147565017,72.48599967956542,67.36599960327149,1.1300048828125
75.5,75.76000213623047,73.66000366210938,74.44999694824219,74.44999694824219,8177400.0,0.011823798525923968,72.45049934387207,67.50819961547852,0.8699951171875
74.83000183105469,76.97000122070312,74.58999633789062,75.22000122070312,75.22000122070312,7039400.0,0.010342569563787096,72.46799926757812,67.68999969482422,0.7700042724609375
77.4000015258789,79.30999755859375,76.63999938964844,78.68000030517578,78.68000030517578,9864300.0,0.045998391761795654,72.59499931335449,67.9513996887207,3.4599990844726562
78.61000061035156,79.5199966430664,77.30999755859375,78.72000122070312,78.72000122070312,5612900.0,0.0005084000428596802,72.81599922180176,68.2195997619629,0.04000091552734375
79.0,80.80000305175781,78.8499984741211,80.11000061035156,80.11000061035156,7896200.0,0.017657512297940325,73.01449928283691,68.52399978637695,1.3899993896484375
80.7699966430664,81.06999969482422,78.77999877929688,80.33000183105469,80.33000183105469,5398200.0,0.002746239158993413,73.28349952697754,68.8463998413086,0.220001220703125
80.12999725341797,80.91000366210938,79.01000213623047,79.26000213623047,79.26000213623047,5021900.0,-0.013320050671411399,73.51999969482422,69.03719985961914,-1.0699996948242188
80.44000244140625,81.08999633789062,78.7699966430664,80.75,80.75,5729700.0,0.01879886227114347,73.93099975585938,69.35599990844726,1.4899978637695312
80.81999969482422,81.1500015258789,79.19000244140625,79.20999908447266,79.20999908447266,3973600.0,-0.01907121876814044,74.22799987792969,69.6779998779297,-1.5400009155273438
79.06999969482422,80.36000061035156,78.5,80.13999938964844,80.13999938964844,4462800.0,0.011740945788725421,74.5314998626709,70.01759986877441,0.9300003051757812
80.0,80.23999786376953,77.7699966430664,78.44999694824219,78.44999694824219,5656200.0,-0.021088126457167733,74.89099960327148,70.33279983520508,-1.69000244140625
78.51000213623047,79.30500030517578,77.93000030517578,79.0999984741211,79.0999984741211,3110500.0,0.00828555195875591,75.33499946594239,70.66159980773926,0.6500015258789062
78.5,79.31999969482422,77.69000244140625,78.13999938964844,78.13999938964844,4625400.0,-0.012136524690158357,75.73649940490722,71.03899978637695,-0.9599990844726562
79.80999755859375,82.63999938964844,79.5,82.43000030517578,82.43000030517578,7737900.0,0.05490147106522314,76.50749931335449,71.49879981994629,4.290000915527344
81.8499984741211,82.0999984741211,80.30000305175781,80.86000061035156,80.86000061035156,5495800.0,-0.019046459893384715,77.14399948120118,71.91719985961915,-1.5699996948242188
81.0,83.13999938964844,80.5999984741211,82.58000183105469,82.58000183105469,5723800.0,0.021271348104379584,77.86449966430663,72.37139991760255,1.720001220703125
82.62999725341797,84.11900329589844,82.62999725341797,83.41000366210938,83.41000366210938,4741400.0,0.010050881722583949,78.4590000152588,72.85559997558593,0.8300018310546875
82.36000061035156,83.65499877929688,82.2959976196289,82.70999908447266,82.70999908447266,3937200.0,-0.008392333615910297,79.02900009155273,73.2857999420166,-0.7000045776367188
81.97000122070312,84.19999694824219,81.88999938964844,83.23999786376953,83.23999786376953,3775000.0,0.0064079166384174435,79.5685001373291,73.78719993591308,0.529998779296875
83.83999633789062,84.37000274658203,82.66000366210938,83.68000030517578,83.68000030517578,3759800.0,0.005285949696038683,80.07350006103516,74.37219993591309,0.44000244140625
83.5999984741211,83.7699966430664,80.45999908447266,81.93000030517578,81.93000030517578,6484700.0,-0.02091300183577749,80.44750022888184,74.96559997558593,-1.75
81.94999694824219,82.2699966430664,80.33999633789062,81.8499984741211,81.8499984741211,4929300.0,-0.0009764656506370262,80.77900009155273,75.5181999206543,-0.0800018310546875
82.88999938964844,83.18000030517578,81.13999938964844,81.62999725341797,81.62999725341797,3519800.0,-0.00268785858038445,80.92649993896484,75.87299987792969,-0.220001220703125
82.25,82.9489974975586,82.02999877929688,82.68000030517578,82.68000030517578,3862200.0,0.012862955862880998,81.12449989318847,76.15559982299804,1.0500030517578125
82.02999877929688,83.25499725341797,81.29000091552734,82.66000366210938,82.66000366210938,5437900.0,-0.00024185586589986485,81.25200004577637,76.42279983520508,-0.01999664306640625
81.5,82.54499816894531,81.16000366210938,81.61000061035156,81.61000061035156,4624800.0,-0.01270267366609279,81.31599998474121,76.68879989624024,-1.0500030517578125
81.2300033569336,81.91000366210938,79.12000274658203,79.66000366210938,79.66000366210938,4832300.0,-0.023894093048136167,81.33600006103515,76.88399993896485,-1.9499969482421875
80.0,80.38999938964844,78.83999633789062,79.81999969482422,79.81999969482422,3981400.0,0.002008486384126984,81.28950004577636,77.04860000610351,0.15999603271484375
80.0999984741211,80.97000122070312,78.77999877929688,79.05000305175781,79.05000305175781,3834500.0,-0.009646663067029992,81.28150024414063,77.13260009765625,-0.7699966430664062
79.61499786376953,80.18000030517578,79.31500244140625,79.87000274658203,79.87000274658203,3327700.0,0.010373177269674905,81.2680004119873,77.23900009155274,0.8199996948242188
79.3949966430664,80.80000305175781,79.20999908447266,80.38999938964844,80.38999938964844,5131300.0,0.006510537438145558,81.36500053405761,77.34360000610351,0.5199966430664062
80.02999877929688,80.51499938964844,79.27999877929688,80.01000213623047,80.01000213623047,3712300.0,-0.004726921959236852,81.41050071716309,77.44639999389648,-0.37999725341796875
79.75,80.38999938964844,77.12000274658203,78.20999908447266,78.20999908447266,4637000.0,-0.022497225393057763,81.4140007019043,77.48779998779297,-1.8000030517578125
79.05000305175781,79.88999938964844,77.94000244140625,78.98999786376953,78.98999786376953,6189900.0,0.009973133722382732,81.24200057983398,77.58159988403321,0.779998779296875
,,,,,,,,,
,,,,,,,,,
,,,,,,,,,
,,,,,,,,,
,,,,,,,,,
,,,,,,,,,
,,,,,,,,,
,,,,,,,,,
,,,,,,,,,
,,,,,,,,,
,,,,,,,,,
,,,,,,,,,
,,,,,,,,,
,,,,,,,,,
,,,,,,,,,
,,,,,,,,,
,,,,,,,,,
,,,,,,,,,
,,,,,,,,,
,,,,,,,,,
,,,,,,,,,
,,,,,,,,,
,,,,,,,,,
,,,,,,,,,
,,,,,,,,,
,,,,,,,,,
,,,,,,,,,
,,,,,,,,,
,,,,,,,,,
,,,,,,,,,
,,,,,,,,,
,,,,,,,,,
,,,,,,,,,
,,,,,,,,,
,,,,,,,,,
,,,,,,,,,
,,,,,,,,,
,,,,,,,,,
,,,,,,,,,
,,,,,,,,,
,,,,,,,,,
,,,,,,,,,
,,,,,,,,,
,,,,,,,,,
,,,,,,,,,
,,,,,,,,,
,,,,,,,,,
,,,,,,,,,
,,,,,,,,,
,,,,,,,,,
,,,,,,,,,
,,,,,,,,,
,,,,,,,,,
,,,,,,,,,
,,,,,,,,,
,,,,,,,,,
,,,,,,,,,
,,,,,,,,,
,,,,,,,,,
,,,,,,,,,
,,,,,,,,,
,,,,,,,,,
,,,,,,,,,
,,,,,,,,,
,,,,,,,,,
,,,,,,,,,
,,,,,,,,,
,,,,,,,,,
,,,,,,,,,
,,,,,,,,,
,,,,,,,,,
,,,,,,,,,
,,,,,,,,,
,,,,,,,,,
,,,,,,,,,
,,,,,,,,,
,,,,,,,,,
,,,,,,,,,
,,,,,,,,,
,,,,,,,,,
,,,,,,,,,
,,,,,,,,,
,,,,,,,,,
,,,,,,,,,
,,,,,,,,,
,,,,,,,,,
,,,,,,,,,
,,,,,,,,,
,,,,,,,,,
,,,,,,,,,
96.06999969482422,96.18699645996094,91.69000244140624,92.75,92.75,16385300.0,-0.07370415915162765,114.41500053405761,111.76780014038086,-7.3799972534179545
92.75,95.10900115966795,91.1500015258789,92.9499969482422,92.9499969482422,12127100.0,0.002156301328756882,113.06750030517578,111.42320007324219,0.1999969482422017
96.66999816894533,99.13500213623048,95.29000091552734,96.52999877929688,96.52999877929688,8531900.0,0.038515351786919894,111.7145004272461,111.15460006713867,3.5800018310546733
95.16999816894533,95.52999877929688,89.0999984741211,90.58999633789062,90.58999633789062,11076400.0,-0.061535300077929955,110.21950035095215,110.80279998779297,-5.94000244140625
94.61000061035156,95.83000183105467,93.05999755859376,94.8499984741211,94.8499984741211,7060700.0,0.04702508343571554,108.57950019836426,110.56599990844727,4.260002136230469
